Teff,Prot,Age,Mass
5513.107367984163,9.167505152438856,0.6437985044671464,0.91055
6030.007283164398,23.139691186115645,4.988786584128385,1.00109
6319.946283529083,15.861630531672782,5.3156009440063725,1.05779
4825.50449843507,23.71603272794074,3.515892188218169,0.70225
5560.278520065395,9.884559709876717,0.8070081614996932,0.88223
5691.2467001992245,21.641556561222487,3.415971045747064,0.92626
6070.9170415521485,12.410069926480293,2.562883534352252,1.17341
4754.91403098449,16.657934724059643,2.2426896749447183,0.82633
5892.714087800146,13.40014898522491,3.698853803178195,1.3571
6395.735332806204,6.46802361582653,2.742229180039153,1.13359
6453.548294328404,3.382746279602247,1.92019203601775,1.34875
4256.360339899596,18.3921791989896,1.99148226139975,0.66191
5591.475063344585,29.606979520346066,5.962637350789257,0.91237
6169.513274940304,4.158306815104185,2.148092605096673,1.65275
6463.680242743813,6.2854608352475045,3.390015775588779,1.15938
3761.509194252259,21.032232449235646,2.618687718367615,0.52999
5336.854697420196,18.29015004530139,2.531905712910143,0.85044
5930.880208216781,20.009655129880688,3.8500614681844283,1.0043
5999.617484323669,32.43161061998328,6.922097577926476,1.0584
5991.485336688029,28.51958486845503,6.331292460439206,1.13035
5765.870951050686,22.700843087147994,4.005304936168611,0.94068
5992.934988499279,7.462500987443063,0.9339619857750112,1.21308
5806.606804721433,6.394109449614272,0.5140828843367592,1.15207
5505.896658102418,14.059098409505786,1.763866017101202,0.87428
5779.972318453782,16.54402845031995,2.328107318469581,1.07535
5951.480642788645,12.587468730862314,1.8730587803453358,1.19649
5618.2088939347095,17.38677063843069,2.51378715840994,0.97076
5367.463940994935,29.11995605552487,6.28507225973607,0.80192
5964.760818995845,24.445873149172183,4.713100323777327,1.14719
6271.580292376069,10.799817120844189,3.2288551758247186,1.15663
6291.823071130164,6.5932419844284285,1.5685660996741861,1.21657
5888.554588242736,27.24247719522785,6.2118031358994985,1.08739
5494.323073353208,17.972385063477624,3.2839478178934085,1.37169
4949.068686935561,25.93389068936639,3.951259690757793,0.89386
6385.539277006585,9.79921650951482,4.344320315133571,1.11388
6249.995647550628,4.857500332592631,1.1458599163290901,1.33153
6263.829243555077,3.0557261141903407,1.9831382410877731,1.61267
5849.792321412244,18.847323975921782,4.572470715490655,1.23258
5257.752286658413,27.03684322950779,3.8163060964502855,0.86911
6059.687844103564,31.702042116360236,7.77096316312232,1.00869
5238.426024585099,9.611634665604022,0.7838282985835332,0.88873
5695.292524637447,8.48860748719614,0.91061358411232,1.06323
5566.182256663998,24.00105035061912,4.290990827521367,0.88978
3614.690618810709,17.57451259494967,2.7748098034803523,0.41531
5738.334590607358,31.855497864479435,6.725293823985394,0.89358
5589.56311542553,34.70107095377861,8.078957764946933,0.82958
6132.150425416558,19.625831310498032,4.771319472387259,1.13591
5740.534691555905,26.537575589943177,5.246525289759481,0.91031
5843.50284574344,20.1963521670264,3.2059751056559715,0.98422
5821.082040266043,25.50098950460783,4.448921625553262,1.07041
6073.412078146988,16.758127644591227,3.84944241387388,0.98718
5849.279320816726,33.91651789593928,6.505359366159102,0.97642
5574.899257829818,34.025093361576715,6.777942475825587,0.89644
6178.1629942176505,18.20991382810445,4.766484957797704,1.02872
5974.873917981875,9.720027720474608,0.8869788253014227,1.11093
6175.111640202707,19.850712732992744,6.046529325292329,1.0945
4344.293012043102,24.207331402141293,2.672273605033666,0.7039
5991.226491139702,23.150073578410982,5.042846082149363,1.01424
5753.982606561153,17.28995865169663,2.7325047547522034,1.16426
6227.551845609114,2.3999192318509186,1.7908677337621068,1.75255
5712.790619315754,22.612050749799604,4.495589857018351,0.85675
5828.7989249666725,9.511425765256945,1.012530602959979,1.12943
5000.800851311347,16.358279874584895,2.128123069342373,0.80693
5711.993028996304,14.833415909694684,2.055843187123315,1.00036
6297.707441950174,8.925782815787912,1.667957949997384,1.16484
5094.056797997049,32.90483268513971,5.834326312775941,0.74027
5474.083973016989,26.731389799101485,4.478066205274762,0.97748
6170.623129330666,25.3233832634608,7.343096604528442,0.96487
3889.572519911524,2.729428444545912,0.6080007659086077,0.54941
5322.227174181317,23.86380922930363,3.451712540818215,0.87977
5759.195930991432,28.814572940085256,5.23951735057833,1.02852
6331.798223581539,0.9182607356221222,1.796727971207701,1.65665
5090.2336759404525,10.00904668600667,0.8930002116880862,0.84823
4534.221867637676,15.162142240721138,1.609122815495478,0.81607
6281.847537221332,2.288435991672838,2.637166378286275,1.47797
6119.364308876853,12.428473243048296,2.40101038059097,1.09523
6327.365508439272,4.8095899885653175,2.428473347400589,1.33123
5771.795923876352,8.924261307313701,0.9864046009894396,1.08631
6065.139082257884,20.099334765527303,4.108245341862001,1.03625
5491.263714089354,29.553458052716916,5.796685944485463,0.86342
5874.276459905483,19.519602250679885,3.45014854427928,1.09573
5824.181609060212,20.068779910283663,3.5885923531327526,0.96761
5625.492139778123,11.991362009146929,1.2638463988882258,1.09126
4533.637125780456,2.6664574643840333,0.4482852093807178,0.77638
6070.923130178844,4.784306911751224,0.4823064496279206,1.18549
5243.504121797376,22.025383183288803,2.9479454486116863,0.91063
5635.219675342823,30.31309057235857,5.111025182715537,0.93537
5635.402557919981,21.62566619571143,3.4435501144641636,0.99897
5525.302557528803,24.037857842282484,3.889381785951572,0.93012
5913.281492091667,33.53823141971734,6.516181418189143,1.09965
4951.894224886967,20.24967946073886,2.540921232972249,0.87532
5084.387359742091,18.01292576590052,2.314253423472908,0.78741
5899.6214219737585,29.708410537360457,6.106424429115894,1.15813
5915.349593612959,28.47373990118016,6.978509922967382,0.92547
5290.353613047298,23.242475718707233,4.135114548515812,0.79347
6003.630650616205,12.82306446921169,1.955360255999451,1.19811
4804.512187736073,15.29047861516571,1.643928848026223,0.79982
6147.907102930968,15.63212703047633,3.8790642654346854,1.06629
6388.0214311719765,6.251712641571141,1.8533744788822568,1.1291
5068.957519010911,17.95144060245635,2.113168893804661,0.81545
5984.054017884335,19.303613453543832,3.2932713080356466,1.05738
5942.0005136353975,32.757628316635945,8.064392443448524,0.94761
5599.548062045388,21.2640997028271,3.6512756114058686,0.86549
6322.786419556731,3.243621386225765,2.4681004847074717,1.42591
5937.203812024246,8.97302812379747,1.1601408848183992,1.1735
6289.863578196994,16.547973578527177,4.701725808395863,1.04575
5664.069237265158,33.32524352630803,6.891431083133508,0.94331
5602.11527004601,23.67694828278656,4.176685836807801,0.9405
6047.845403938174,8.050639773796872,1.210860144702071,1.17727
5259.7276789992575,19.49350600598297,2.059509141002662,0.9465
5960.027683509481,32.37889859353276,7.597133489234108,1.00346
5486.271209412793,11.416067397734892,1.041698234483662,1.01551
5083.198393377777,31.893148200144147,5.714851217636074,0.87669
5192.350844457003,12.673103039878095,1.268739819000418,0.89507
5443.602549613731,14.198728725143422,1.636567480540936,0.99846
4780.038510379321,37.59002865448793,7.790552166368284,0.69821
4373.932907066178,29.441751517857497,4.125961425796079,0.76258
6010.858060847415,22.462990809304966,5.279825248153164,1.01935
5756.811929274974,3.5008230959093147,1.8758339218562659,1.66376
5370.642960198087,30.849635845509148,6.4428373386198725,0.81725
4699.128838724629,26.02029273278858,3.6517511333249915,0.736
5579.215272054223,20.033251547200337,3.5113687903794335,0.9398
6201.109833331221,13.397741200117474,2.9176964569225468,1.1204
6199.9010789967715,14.688310566379673,3.5123418026202415,1.06794
5372.447871076501,24.960559582524965,3.6480491066939265,0.99622
6305.166368541544,5.741321165379081,1.7382842123870919,1.28523
5488.2112774941415,30.586143481284193,6.435684503677613,0.82975
5836.999738026341,6.876432421184939,0.5547663811080752,1.11229
5460.294756629877,20.022628039571554,3.247491863432368,0.90667
6213.404783885974,8.699289788794506,2.524011554097919,1.24732
5624.5255692600695,21.553884851967215,3.548084812302523,1.02586
5865.813342617948,35.04779493742314,7.283344593892375,1.06493
6132.940873470571,5.011782657541211,0.661624771034089,1.23328
5074.674930175433,22.399322779247616,2.975630491074726,0.82887
5063.855368848991,34.63974590624572,6.965813545075497,0.77428
5978.86503496772,17.59981120815155,3.0353682496986,1.20035
5760.503833589552,12.929427374871674,3.27000161118203,1.41383
5458.4105910984745,33.506710028997375,3.8619223760483865,1.39042
5514.077866671545,13.854552594134745,1.379934347852136,0.9831
6229.80380803437,17.446698923241396,4.704986665221567,1.0887
5089.114528472466,11.697112320002354,1.1260866506675877,0.7838
6230.675011359969,15.155772095713303,4.513066740662863,1.00215
5661.536842246085,27.621182592550525,5.674616409668511,0.86559
5167.871791117953,28.46088383875382,5.1052690114646735,0.79605
5762.691427871191,6.6810728346373605,0.5114758517796691,1.17546
6433.858597729104,1.5426976012142826,1.090530895300542,1.33949
5722.668472176176,8.93686559620685,0.7177421080315265,1.00889
5993.969272091281,14.60584889162682,2.3430735327890213,1.11978
6282.625884441666,4.836066557296766,1.040254263474759,1.22797
5888.6523988015515,18.256632653287202,3.34478691011086,0.9203
4243.670959174544,22.142803836633817,2.657181191260305,0.66191
6035.9774178831385,20.052051587584444,4.214440754145113,1.07662
5881.852993132608,13.273900827329872,2.1872009566154564,1.04978
5492.05294697154,15.319740464958125,1.4108359576434402,0.99934
5793.315795730365,20.922525259082853,3.261293084389674,0.89672
5662.98677511422,8.879747051346962,2.479164056507061,1.46241
5871.976219835896,16.825583304936817,2.8451484199375403,0.97134
4991.796680013469,15.922096169119111,2.2821890706809,0.79873
6224.645473697066,8.316219395026417,2.204692403589076,1.29745
6412.387060497332,3.3443265708448218,1.269296788639175,1.29897
5488.398992983522,24.553347443469715,4.122063642073459,0.92584
5969.297399296282,25.36249117791666,5.5843686021669825,0.98649
5774.630596870913,33.218388314698856,7.586354152745707,0.89078
5631.222607776289,29.896694390478984,5.999869179867217,1.02436
6303.334533474487,9.357351728946194,3.2700307862078573,1.18451
5829.860060639098,24.06279141139121,3.812187812412464,0.99773
5288.994372018101,20.291836465377113,2.8889231346194446,0.79968
5911.61351514458,27.374292452043278,6.2125309191685565,0.9295
6073.243409084574,13.551680315030644,1.9482040274702441,1.06672
5355.042614945432,5.1920127569015655,0.3828270249754384,0.91928
5703.571577608953,20.08033906892466,3.137017062160542,1.06827
5622.124809694897,15.398858512474508,1.883723837386022,1.07684
5244.806388300748,32.37583875757662,6.00322426365889,0.85958
5510.409526285219,14.01390224729409,1.5606683878051217,0.83741
4975.642532683677,34.117560380446406,6.712764870624609,0.77087
4721.003640552072,22.333736712017725,2.7122593418978846,0.82734
6096.828260391081,31.12933512574007,7.877384276235661,0.98402
6247.2737616939185,14.623474354791066,4.460053613074879,1.08294
5775.576878444497,33.78617708928036,8.046142574169064,0.90694
6206.6398145151625,17.161131522012145,6.3916008419124815,1.05936
5951.166071480592,11.807501539105143,1.7989350944988491,1.02931
6315.930665317308,9.575784128607761,3.1963531917128436,1.10219
6201.9014775501,2.868191102657806,0.2407294693214271,1.18948
5301.018383392766,24.4445879719846,4.459186936764072,0.77371
5244.08079738523,30.876320372037824,6.074354678638345,0.91691
5889.859228150433,16.892445011623533,2.645412774979853,1.05606
6264.342712368493,4.201560413075741,0.7051775215885729,1.34861
5983.932595235067,1.8378124136681795,0.1651488781296154,1.17747
3594.185956844441,11.888322321451184,2.542393940768276,0.42665
6199.060385604694,9.811591583899133,2.480636784040499,1.08519
5370.081537739999,26.204886883046157,4.896108386396164,0.79451
3984.431418870877,19.59747189818288,2.4888351424945143,0.59008
4870.525685206443,19.746316665449218,2.3114926680777765,0.86308
6358.683499656657,10.651110255640646,3.7984646006715,1.05722
4932.018861565079,27.349625872756317,4.550927036036108,0.80827
6469.693868515085,1.7770072654469442,1.840679809835682,1.35388
5564.100203649777,16.420338259655463,2.2125612652454234,0.99761
6146.055663106135,17.19185982478869,3.7091052350066422,1.15119
5713.203218351508,20.555935371516117,2.8674993670308138,1.07365
6281.656143642221,14.526423888057991,4.84678478960768,1.09698
6027.736845203161,26.11350072839296,5.6166211416129626,1.07067
4604.518822588964,-0.2494112682255354,0.08804939404516711,0.81104
4549.168855086779,23.723927910130147,3.112914481885264,0.74158
6005.456560212861,8.901190797372873,3.3530073858564133,1.431
3824.6212621858976,38.787311589950214,5.902667235169206,0.47578
5757.959749840856,32.46703074997441,7.008425538788532,0.98283
6062.92890509974,28.7343366543688,7.800724822526621,0.97232
6106.028706692921,14.504396706402948,3.790380765848056,1.23715
5805.4874862336055,20.64035106693991,3.1352879452896816,0.97415
5635.985216035695,34.565904542400745,6.85449907779786,0.93641
5279.125475882699,4.876846486511368,0.4370407656415136,0.98913
6082.044194432708,15.45305924776969,3.275356827213985,1.16508
4534.279663156768,32.04408415757159,4.9719899330895885,0.67582
5130.363028339823,17.254846328848405,2.030215724307955,0.96056
6113.474127036429,21.583656344530798,5.4151779332470795,1.01074
5945.2974300448095,29.693966313155233,6.400029414671569,1.07921
4371.7811501941005,15.587441568972924,1.5927315015422931,0.6975
5194.268982983041,20.461848642269242,2.6221585917440517,0.84523
6368.630843479926,4.0889636648772205,1.346677605741655,1.193
5806.993818080531,31.20164505201695,6.645409079469077,0.97746
5600.860779334905,22.116908156784163,3.481610965410849,0.93895
6147.777088875532,10.639531804591474,2.058142110987748,1.22623
6024.78456030141,24.99412213854021,5.14953384881691,0.96282
5726.6819999170275,24.678147778155758,4.776697580304017,0.97495
5999.082764695869,10.24737274651701,1.205404737716061,1.16001
6019.927712884439,11.893030462817967,2.122892233601697,1.26728
6143.044668937331,11.002539491207141,3.0916400433374305,1.29393
5927.252260995871,14.873405122946703,2.0131038854825247,1.09181
5575.8528440046175,14.334466956613474,1.4344657912261631,0.92771
6255.380743954041,6.775581611718394,1.0708694253143192,1.08616
6181.497377226529,21.755334813197784,6.503421053071094,1.05596
5560.648195335125,14.709716845496095,1.522947786191029,1.0102
6118.596711490334,27.924560424549036,6.4113816501848575,1.02173
5689.624925665143,15.863092399358694,2.6347207999373787,0.9823
5436.216136182922,19.67198207875922,2.952889003048467,1.43301
5164.635278324275,18.064248056689376,2.318454355663036,0.9274
6076.61263589766,4.61394921500851,0.5821504745414622,1.04861
5306.703531674013,25.915123871976462,3.8996552488464684,0.87941
5590.688178067109,25.919028902050005,5.142434417433429,0.88953
6418.695538609549,4.12313752044707,2.8546892097534733,1.4189
5309.150008794212,24.05112203841252,3.8532035556610875,0.78331
5478.8793034921555,36.583486961422366,4.74698236294683,1.20161
4912.913962984122,22.584202907395493,3.0985665662050534,0.83511
5037.277216934684,17.656343852682117,2.2555939787312798,0.77838
5498.65126355232,12.540403345684146,1.327512290210018,0.92345
6022.206124244953,12.000911875596952,1.506128271321404,1.11094
5799.289720182204,19.94261269237708,3.076660785461381,1.13133
4362.2848054727865,30.8431179803472,4.27432016083571,0.66318
5871.052513454764,19.539986138413486,3.3684498773047595,1.06964
5877.687859616281,27.98759002497497,5.966802695475497,0.94089
5113.716400305112,17.507254957580827,2.411781132059124,0.75836
6366.678978602967,5.3380905529030755,2.420971545733945,1.33341
5193.1987082939395,24.14698373845862,3.8513021549462403,0.87994
4739.295890184705,15.192619067945015,1.5296880121703431,0.86083
6033.50289315924,33.631451801621154,7.814314959043884,1.02517
5270.679676440201,33.240676676795005,6.105338328401201,0.89078
5724.40431738731,20.35937501009256,3.052324412730165,0.95288
6251.174606178654,10.150104045068575,2.770391588849308,1.11037
5830.358742378487,9.098548747293641,1.140551279342675,1.19182
5131.9675447434365,23.664541401930606,3.7072651385918123,0.80811
5826.738003489235,21.465218449091825,4.085634842886315,1.00171
5658.274072360201,4.823330841063929,0.3957785820013879,0.96526
6115.523936058602,25.841524440105957,6.83242033929435,0.96723
5231.9030963805435,23.52821211240938,3.508316450801431,0.78545
5344.829098558879,21.474248279197383,4.11493124530025,0.78362
5243.738741123075,19.01923335218371,2.08343430469832,0.90917
5970.901193704519,14.131485631320114,2.273134027885372,1.17459
6314.020144257103,8.267268406857188,1.981809012381997,1.17638
5347.463312367912,17.935528193727468,2.3571464201179793,0.93983
5709.818369109336,21.20754584773811,3.003212992540679,1.13121
5399.548697854701,34.722229658865245,6.939206310289889,0.88127
5978.319269907021,11.31654674594899,1.6662379283358908,1.05574
6137.271913958506,4.331397675622544,0.2270389624183059,1.12574
5647.8166539141175,13.529121134939421,3.3231095379468196,1.33071
5260.793636419803,18.27219217662681,2.5167140378441335,0.84748
6416.154295424743,5.2676283465107465,1.5284938284115792,1.21715
5809.479330631587,19.40872741621474,3.3323198744398534,0.91225
6012.54677909711,7.650324359745032,1.064583583483225,1.13957
6086.727071320052,24.547798999772663,6.195936079924872,0.98262
6469.436201337108,1.9332811674605819,1.72519489842616,1.4968
5583.72638449482,27.771401801715566,5.022936642954198,0.93621
6366.8809979170055,5.519709026241418,3.104964164144117,1.26462
6371.033478629935,4.684690856515872,1.913614856660882,1.36855
5994.307639059216,16.46034791857103,4.767955003489212,1.21852
5908.942423335449,31.268999503064666,7.542207050263747,0.89449
6339.342136068911,10.283678500633384,3.3335197523356004,1.06117
5851.654387085047,21.13751293283737,3.5627400601834953,1.07033
5811.183390360681,17.772913967107794,2.628285151821002,0.98801
6144.452078205737,17.79241546203453,4.59372630347699,1.01816
6347.813014077048,5.248558967459019,0.8551378386269062,1.14342
6402.661256359759,5.290780736292584,2.495595548221532,1.20123
5768.428112475893,33.37316330747977,7.359908471695852,0.98396
6232.712923254271,14.246690086596818,3.8563551788384376,1.08787
6194.265221932572,11.63895154968695,2.9860072372098965,1.05396
5748.122676247506,6.936713217860994,0.6817945986908324,0.96424
6187.3071391920985,6.748227690682704,1.548111620092693,1.32429
5006.031034464811,20.737676886474723,2.605507873706339,0.7881
5709.273635326283,30.565915625110296,6.0909985550905885,0.96737
5867.788957070793,14.976834705496682,1.9857962096743518,0.93899
6066.892872632055,27.212870134715672,6.271923546863513,1.08359
6492.398535699472,0.9838128835231607,1.24342152348262,1.85472
6197.7476230655675,18.050838823507554,5.353840437661831,1.08152
5861.965694679181,17.381548195036505,2.434562680557658,1.11745
5871.681893121355,27.257091538832878,5.642945688808398,0.90414
6249.644831341144,8.485786627178141,3.2786699635755734,1.27218
6407.798509006486,3.148990804530628,1.740696101321151,1.64003
5844.825581048967,20.789726178434112,3.4761769645280647,0.98225
5476.314062259897,15.141790196569248,1.802381355331806,0.97726
6061.743297761263,15.089353434203169,3.082058431159591,1.16714
5940.878720323292,24.12807878801077,4.777950305860643,1.01651
6131.250910002615,6.99986915362351,3.0711079029004162,1.39674
6493.26450486348,2.2966944666174967,0.9583666820278726,1.34315
6103.3838281579165,14.905039478149876,3.083588696339512,1.11609
5634.44915366098,19.591386702105943,2.8130096687620627,0.99599
5783.545571156174,7.754241612622818,0.5807738173596293,1.11935
5977.700212850406,13.512654882178431,1.6468759680013132,1.10348
6275.90594602281,7.53844095557152,2.943673597352686,1.43914
5218.103690874188,31.92740937357661,5.804365567332012,0.83858
5252.221493958679,7.710984074942854,0.719942758970203,0.90585
5908.963269915858,21.278562353687978,4.30978257636002,0.96213
5889.362347397884,11.061460451509362,1.053816700771778,1.1069
5672.089138534513,20.44290767974568,3.5715439017042483,0.92777
5761.380259709769,13.555430120434046,1.257428272555644,1.04696
6324.7317523976835,5.731063535582169,2.086775183364439,1.25088
6344.983754581331,10.23749635408945,3.415733783184371,1.13429
6047.923443843307,17.98734060259163,4.729211143156647,1.26329
5248.455120625407,0.04730245267510902,0.05659961785415805,0.93149
6299.976538578209,10.401231549323512,3.221538579562848,1.19404
4532.333741790898,22.24599502494979,2.797006098265898,0.68547
6445.685187202196,3.659859071306109,0.5165132335566414,1.35607
5725.781766379168,19.13701195955719,2.2657951618211545,1.05925
6350.169853286418,4.838006202780452,2.611307465230484,1.36019
4432.120289783986,18.340848898166954,2.065735634701575,0.63542
5950.777899337359,5.940643603623236,2.634345252550299,1.48322
5838.950341870705,36.66126299906147,6.08844496552889,1.20867
6099.925237513203,12.17147314075591,2.023123468058375,1.0837
5733.34980902742,30.197674280785808,6.134272087989651,0.92413
5404.1117278425345,32.51476502647534,6.6525083855771685,0.86022
5867.043829694803,10.49901537834955,1.113919927324372,1.10742
5790.202680046335,30.851378268013118,7.242434564530437,0.87304
6014.7749937911485,16.081190531305296,2.8266866432828284,1.17847
5811.848016210616,16.462771450823432,2.7762996756595992,0.97112
5428.581152422555,17.607970962516685,2.059180082949913,1.02447
5542.147049718505,24.468856703588465,4.140278716701008,0.88538
4895.4160836872825,36.85319703538862,7.726343753947201,0.78794
5728.48780559136,28.55827534211668,5.147618876209527,1.20184
5490.5950951461855,29.54958022636415,5.63756679638126,0.92266
5920.57499836427,29.29873254962405,7.574044495676828,0.89735
6076.190497361108,13.830406956758095,2.199099634049265,1.16873
5929.451649056408,24.871395730920725,5.1917280027763715,0.94823
5488.008048531708,18.590893091333875,2.300086103434052,1.03961
5916.994013943431,27.032810109607272,5.2964313037250825,1.0361
5772.042070635694,29.49854634769709,6.611475426307233,0.91538
5948.588027525839,37.166763062881586,8.190134504738973,1.01593
6234.112073942025,9.744508640297889,2.9983911292501224,1.2763
5784.922130373416,5.879952291720653,0.4078468974037688,1.14612
6424.8455571640625,3.4697856583777797,0.9146634408842006,1.18819
6212.130543612934,5.328627961577716,3.035523172465801,1.34986
5057.741522110772,26.85166278587088,4.562107897193977,0.79559
5953.281063966386,7.983337089556375,0.9147635312842812,1.2072
6019.275083977364,15.399578737664962,2.78906933178316,1.05795
6078.813070084539,11.17152738642959,2.4657577322197013,1.00812
5867.355591594668,28.25316326772793,6.4270939580032405,0.92232
5802.160070668755,27.269444568538418,6.505284107595852,0.88082
6475.208180814407,1.7123635258624557,1.58643092483021,1.36949
5409.835470290756,8.978990224377561,0.9379346615225752,0.84124
5474.692421499442,32.84274706843838,7.12692376264523,0.81776
6324.619088632402,3.680997854177064,1.276033098855189,1.20332
5634.396463107934,26.631802959498586,4.368894855387895,0.94061
6304.423899585411,8.745268146254656,3.835536086521913,1.19094
5495.594088614943,33.54688370799551,7.17645175865666,0.83228
4825.424950581987,27.561726966121256,4.384354497061423,0.76275
6205.185715092475,16.193418942302685,4.723409339441554,1.13481
5442.737272659138,20.045198101196643,2.296802905810453,0.97179
5501.474499706557,0.44853186724169325,0.049226670666762166,1.07672
6105.056118638112,11.846199666143947,2.075475367676209,1.21854
6096.843271614857,15.567862847862623,3.2407168791917416,1.11268
6058.29558209146,12.690152144696937,2.9782970964881064,1.30853
5430.796433058693,16.786113100132898,1.9524389477494999,0.97131
5933.2207496784085,35.71919030677151,7.872368933041563,0.99111
5486.533848253582,22.262116882975334,3.74326129110637,0.86854
5977.3633871489665,26.30758402792209,6.359651378474754,0.91422
5373.142744865016,13.279271016717574,1.2536977637655529,0.90583
6397.644299249655,4.330206869651896,1.9771287111006481,1.34402
5139.027640659418,26.796516383308578,4.595389209268811,0.8639
5857.444407617741,22.981985296781815,4.973387376298999,0.8933
5952.921284317486,9.139312686872254,0.8237687576827541,1.02319
5923.81018406318,33.37458803810647,6.678771768433281,1.04374
5599.297443956614,34.157382337535694,7.138424520519114,0.95438
6182.056449845322,3.459184241669831,0.4537270646035209,1.16232
5893.56892867539,17.096110109140724,2.832588940445503,0.93224
6317.726342368207,8.380230131278495,3.0795097162103064,1.21575
5973.268296851835,14.929031057576815,2.556956691429757,1.24645
5648.708466227612,24.345354889018534,4.034207108541147,0.98985
5301.032630568559,18.94763440196668,2.430654754543331,0.79937
4526.4121047180715,29.53928015017158,5.022666922720915,0.63869
6045.993658871798,23.134827733475067,5.292830588100385,1.0505
5997.479673362978,29.98346572619601,6.969778547181193,0.97119
6056.656006190008,16.22314456539842,3.435349424483182,1.19719
6248.433154008164,7.378702110991043,2.111058081083489,1.23858
6115.618893413125,11.578939999953768,1.968963362434502,1.20424
5579.65877227156,14.141978521879881,1.6526989381901058,0.99874
5682.110507680113,16.768450668579117,3.3820531633427215,1.37273
6307.793273892998,5.211430344794917,1.039281947340145,1.17503
6214.584407471467,22.5221663044181,6.949066779829043,0.99862
5750.140744836092,30.139574823166697,5.7612447080924865,1.08909
6048.266475290387,19.00743939688257,4.246743560334382,1.01217
5065.34327463904,21.686383970851534,2.897501153396306,0.85033
5359.084551603394,35.96779876261079,8.106960143536067,0.77104
6203.125166648209,13.280534288415737,3.4634191132968635,1.12752
6104.604885880165,28.31956004027181,7.461990972426755,1.0245
5571.028097770391,4.379914374203889,0.4131514957652275,0.93429
6012.832327006761,19.304306344778812,3.691677518135198,1.06383
5978.305784586241,14.226735882795026,2.3675598904290096,1.00699
5808.623512113934,25.32502564366672,4.656748152754736,1.03108
5839.21444470132,14.715154124869409,2.132577532288438,0.95509
5836.412852457796,19.440122206884336,2.9644480197931165,0.99975
5548.388447527074,26.77080792032369,3.948506737837634,1.29342
5659.877663632646,6.603392423614148,0.5889646012239937,1.1173
5986.74801212098,15.654302551396466,2.634011257925374,1.09676
5646.232716777144,12.481048574653807,3.009581954649763,1.40801
5325.009754450259,29.58987374354012,5.671701191492781,0.85571
4761.574830980331,11.706663941836643,1.176533533734814,0.83217
6118.981354605166,13.829162817647255,2.4304518332221003,1.13532
5882.5505834555015,16.80493888307084,3.057791752788023,0.9806
6464.669964268892,3.9641176791669515,1.5602489786976683,1.31157
5401.673441429078,11.23635504305708,0.959148614471074,1.01291
5995.491781139744,15.02742286639362,2.751347472825371,1.0339
5632.887949953008,34.089055439482784,7.1151955180499185,0.94757
5809.356005915206,19.23902760995325,3.316012756562484,0.98149
5542.440924607371,2.6179247705541306,0.1561969426135774,1.04897
6141.719844828353,15.581234819964843,3.350430821028785,1.11233
5513.85901334434,12.140705075759502,1.443410039907532,0.905
5225.536089999664,9.853773560550817,1.286762590831738,0.94308
5775.3169260311915,17.283353031898184,2.536122813081548,0.98617
5070.4040924632045,11.505718593394914,1.07526480020414,0.91176
5214.025355782189,17.717244681547147,2.382023655729183,0.8189
6228.629336669811,3.071154140378467,2.252950118118289,1.50187
5917.565699061039,16.46310871662229,2.942072965642713,1.12338
5561.138928402314,15.468530906244316,1.955264330648979,1.03647
6312.546445877162,8.11004650749269,2.033461182777747,1.10972
5791.115315194568,28.67698594939776,5.661619388833898,1.13751
6081.51706208075,10.21139641143376,1.608159362903542,1.16695
6134.266066135404,14.40901988893991,3.8443621079509165,1.07118
6498.072976586905,1.2178547150385683,0.7932248578711022,1.38663
5116.953155106894,32.160920802298506,6.79407900782025,0.76383
5908.928575227339,23.810339951822773,5.140696905485892,0.91754
6163.903244372311,9.572210522855599,1.8657415280430099,1.0886
6312.629685340573,7.991062060789026,2.8762159678172887,1.23806
5904.0952307650405,12.761691503747066,1.6699878742662548,1.07898
5937.300104301884,20.220225649611688,3.5714265601625668,1.16263
6219.097492336881,14.186760035499926,3.3310013854738747,1.14319
6375.517673642629,8.428500944582286,3.574606255824868,1.08949
6038.717964068486,22.20707928957366,5.09065757591602,1.08394
5360.651565322857,22.593937074257006,3.62039263490862,1.01716
6023.414588692189,13.987158668558555,2.599819292501755,0.99711
6127.968508725409,21.884562845415864,4.84788931724174,1.00368
6210.915465890022,13.047645072712484,3.584374057124983,0.99572
6056.987375498947,4.532749517550835,0.3543889763346574,1.19131
6315.290293839683,12.42894253654223,4.0295920933766585,1.11287
6121.8787126920215,4.63898493752999,0.4416224334423337,1.23209
5853.7945764643655,0.6025761277837056,1.548815016424025,1.7722
5289.6092695939415,8.70795430877352,0.7875903765933903,0.90088
5885.9200018457495,17.765066217009785,3.218420382283563,0.91444
6120.723735928458,15.065082897931159,3.4754995892212888,1.01878
6306.992466268303,8.419173282914558,2.455512516321494,1.27626
6453.0072442298015,4.572733863521037,1.795117202731415,1.22997
5829.956464685106,26.930679108192475,5.130527136923874,1.04308
4458.307090061231,-0.0980153876130021,0.0592221345145872,0.78983
5930.309223658731,38.18710989150028,7.958549449308678,1.04093
5812.089822070177,16.712525721418622,2.550766867601941,1.0414
5675.146886225642,19.655503039857727,2.550320281961738,1.04926
5935.269671382324,10.223983767247036,0.7647714294493907,1.10794
5580.71667980986,15.12761885463645,1.916967908434262,1.04977
5817.77513708143,30.50466618015813,5.9948602337385655,1.00744
6128.398690287619,9.81611619880067,1.579243862496478,1.18427
6099.1255059614905,17.560262995864345,4.093539737735311,1.1837
5789.018037786819,17.7249044230245,2.393700844542774,1.00544
6054.939040866244,17.109684096463408,4.130379235475964,0.9524
6253.267027954028,10.039197769498681,1.85839646081286,1.21991
6260.387683487269,5.183829529386065,0.7301497299168583,1.20381
5371.708696114413,27.905697389775078,5.048029826089858,0.81989
5535.9467343245915,5.64445855246499,0.3577216868925081,0.94001
5076.145740949599,16.266490854346202,2.245287323779384,0.91765
6152.480489065872,7.529035258399115,1.047308563407389,1.14455
5994.159206504276,23.04732313876034,5.1928056772745075,0.96691
5746.563583257942,16.50256773859058,2.648072451684264,0.94671
6233.521462501447,15.681512819904702,5.129741267799949,1.06004
5730.504797622908,7.363857352699695,0.4639277224990309,1.07085
4224.08393012349,11.126343836088237,1.189495310491169,0.61557
5700.7441622866845,21.15335766954381,3.107158736774648,0.97456
6231.96361097499,18.53020223120622,5.798341900507469,1.00501
5250.898298387565,14.506720058480767,1.7653554233639368,0.8625
6304.267806510155,6.043508392857108,2.815121387850681,1.30127
5960.7271878309775,12.773530211709312,3.3372741751847785,1.45638
5730.419348741621,13.324787520426671,1.608448334645715,1.00972
5905.732104466994,7.677532783854277,0.6216342694274744,1.08201
6139.887432281905,11.844115498472373,2.580934292731638,1.22207
6351.097694054712,4.5215701791880205,1.8697987530600617,1.3229
4508.697561104709,34.60398710849741,5.681185906015428,0.67383
5350.816832785689,19.257924091935,2.677494030518634,0.83453
5542.948287121897,25.215503679945893,3.647267033474977,0.93624
6320.545165364618,13.93414198896718,5.149582067931751,1.06709
6039.1997744682385,9.478481443696845,1.2095393920048079,1.16529
5965.257026709904,29.064590946007417,6.890267846291369,0.93378
6355.558260268685,9.925665573784269,4.0182547658210215,1.04702
5515.31359239263,33.85524359637166,6.9993511278855625,0.88823
5033.521601718621,13.686598279401018,1.176304935939288,0.84568
5226.165893809434,34.392903922600496,6.818592327385813,0.79874
6048.375817020559,15.232371347161415,2.214036298877978,1.24146
5250.409539040562,36.60266428406855,8.261305230497642,0.79622
6273.527882021634,5.463352684965401,2.8154791805733903,1.37432
6135.082189861131,16.902233517239925,3.6189684146706385,0.98672
6130.134864566462,12.728181406112046,3.362482615819654,1.25997
6082.783340473312,27.960420867839407,7.607958275447206,0.93784
5951.740373926457,8.598020943987542,3.6066217120296438,1.33811
5542.313234448891,17.343167577158717,2.264658230395754,0.98342
5964.20475799142,19.537670045614536,4.174083967288102,1.2516
4838.3539132792275,37.71136553686444,7.91031677764285,0.72536
6222.097403275796,13.901824506538466,4.783017112122988,1.11672
6012.081792160453,23.50195135536218,5.557109554773329,0.97672
5778.391040960334,21.25132913592153,3.4656343531351452,1.08084
6148.753606577323,11.19278533916191,2.299581365254662,1.03837
5905.953518131148,16.34108124026753,2.891155948397448,0.96052
5640.8588026171765,9.704465718882503,2.518761604960896,1.52092
5979.456681850414,22.88955516422697,5.041876526521577,1.23268
6160.212568912403,20.14006712346613,5.428788734112892,0.98855
4797.187729884934,15.155368007164697,1.553341407138254,0.76761
6329.066144560896,2.830227733421766,1.252978304120338,1.33635
6322.3593300265775,5.255432037079572,1.496607582081174,1.27139
6209.137028537708,11.446622348018208,3.4217583684167963,1.21257
6279.240960288036,11.23616317335599,4.631404426265788,1.17638
5657.1798701023135,23.32529566014572,4.264423200375101,0.8743
5919.93601579213,9.126633452886942,1.028014231607462,0.99509
5655.555908955469,25.97926049927517,4.712550335155995,1.20995
6253.604357695829,5.56528154794778,2.91218836808798,1.43971
5676.7330957269405,15.785689478007308,2.0661672616695483,0.96325
4566.280562958045,24.650663265615595,3.3726896577964984,0.70071
6389.003760347436,3.1627561352269424,1.321614846728719,1.25625
5896.377597390793,2.9386939728815644,0.2502341352748549,1.1278
6052.527665848571,15.374305148374987,2.9695792406601345,1.15441
4122.033192681488,15.871677964145931,1.547878212596685,0.6517
5267.806652079171,16.419032582308603,1.5086291570850343,0.87941
4472.386348134391,38.32286623323007,6.424121495360597,0.72705
6262.327184928858,10.187958922775005,3.2115482547018086,1.18328
4132.762390857514,23.707110989926345,2.9413334144339736,0.64294
5622.004912213069,28.27416712650874,5.640533596994119,0.86276
5715.854116460679,17.021092159397085,3.4702854718130247,0.91761
6029.694823273258,32.11791399812597,8.266663190343927,0.93272
5624.71605815045,9.691627344514858,0.8816489328959709,0.95226
5732.845790616668,4.317919101566309,0.3295253883752648,0.97874
6334.500021676747,2.162484700529524,2.7840325328088773,1.42412
6300.308380470839,4.948836338772791,0.5839543903894343,1.21117
5647.493470834821,13.203287441807342,1.517533084644099,1.11038
6367.956030433346,7.814505346600544,2.800215280905768,1.07468
4995.820654515491,21.714727393057597,2.7465965089172832,0.86106
5743.958361787292,22.448781741941332,4.523315945622052,0.94627
5879.140808734637,28.45848068993469,6.1522428364597275,0.91485
5862.866708555001,32.6688943750471,7.002940264780909,0.97762
5968.363165096409,22.144487829236507,5.754637895575226,0.90962
5978.740149415278,19.678551937613012,3.811722934173234,1.04371
5292.192897868126,25.203216249241482,4.3931475787575875,0.91961
4992.880422726955,11.346651004665437,1.037051313260156,0.92611
6295.628690000027,7.518670080921803,2.309958091679043,1.23859
6453.123671919342,3.3250489233598604,0.6926612602712376,1.10981
6298.038152287044,6.027999309842591,1.7389974680033282,1.27112
6046.638664309872,13.988423283320452,2.33012692476166,0.99308
4402.100705387941,21.407539112102604,2.1385606391055303,0.70308
6062.806760223304,17.352441025791023,4.0492582936705395,1.13551
6195.427350478718,19.108281292787414,5.192108161015708,1.01711
5891.242049980383,17.973462826062228,3.222847646902134,1.1465
4622.078668444633,20.54089039083131,2.309312664897378,0.7302
5606.300722132589,19.181094703973397,3.076235999272894,0.97029
5125.389651703214,23.51451399965803,3.542573042097683,0.80141
6263.8100387519735,12.413784047269417,3.4048427727918797,1.14441
4809.537064567829,25.648955717963123,3.741798643514123,0.72057
6095.271632512074,6.733277371310809,3.494715449568277,1.3568
5869.560011486099,2.733750069587723,0.1261640154880189,1.15583
6390.759621564903,3.84512249941725,3.0660024516089464,1.31877
6320.179569589172,1.80612454363732,2.273067624329665,1.54967
5352.049038103706,20.94699661039853,3.292180698822113,0.88157
6117.688058674295,23.529059439891448,6.456255904998988,0.96186
5925.480940117975,27.53067092943651,5.799683823384414,0.99667
5386.729217870786,18.83070751865614,2.222143174077424,0.93599
3456.2038397162764,2.409275582714142,1.7077360155740648,0.3834
5573.150386396279,32.53553432518394,6.792179719714617,0.91514
5898.132242233634,3.999126812910448,0.1765810994570207,1.12085
5371.822373477646,28.44942949336227,4.762887576030106,0.93621
4883.481920475471,25.652732602241983,3.6576215916328816,0.84867
6274.531941825684,11.639573616161227,3.4897776061982864,1.06161
6102.293832047462,11.581539935887513,3.129996166639608,1.33838
5439.453359636501,22.28392231225896,3.1819142525667985,0.92066
4984.440994153536,26.322435396339372,4.258773642412255,0.87398
6344.512298586014,10.241267930444138,3.4700146585073233,1.11236
4482.1799194669875,14.174923835682003,1.494766230089696,0.68368
5685.122593260151,20.119417379476392,3.833519884635958,0.89562
6077.865027094695,24.54005358918591,5.9160922804291305,1.09673
6328.573180631595,7.075442068525682,2.2354559825969034,1.13189
5385.178943930194,10.677388094426554,1.3751871341764488,0.89567
5465.7008047557865,34.69445955971272,7.3827099010621975,0.78869
4129.274280940163,13.044495962914631,1.38733488594451,0.69109
6219.305599489399,8.44232970739976,1.5875654688581868,1.20855
4821.722013921226,8.048961890855534,0.6928184874521526,0.80687
5944.983704642303,34.96214812411408,7.864026869993077,1.03522
4578.452247709473,18.802405631178136,2.027353473993203,0.78287
5234.177019627166,20.924433529343855,2.584275780146396,0.88998
6406.513882572707,5.0516109224582015,1.7736081151326581,1.18326
5490.536837652506,29.714881746754457,5.8221314471023895,0.83927
6071.261750300608,5.100173723805235,4.075038564063228,1.22158
5526.133066898192,32.343670890068715,7.0763272453010515,0.88367
6196.739045788852,9.727642134757867,1.8704462309251317,1.0904
5955.73815723829,23.342775402378805,4.425020563493579,1.06335
6187.312046761595,18.74645716684672,5.228230364577615,1.02211
5991.554651396172,4.703220701348893,0.3346492029119469,1.09024
6055.67190513799,14.174878925476301,2.549823326543939,1.00037
6453.8572801298415,2.2387330884453176,2.491253622234163,1.15612
5017.187089515165,25.294413051617013,3.7250654104347367,0.77943
6036.1801068918785,19.689705536548946,4.592236303482786,1.10284
6413.098504878629,3.236620389535797,1.9578322240745683,1.23364
6025.355487925124,18.6474545550747,3.4693660560872788,1.0698
5832.937992475561,30.93249035070326,7.7732357742770235,0.86188
5718.288090042678,17.478075061890713,2.641220587591262,0.93935
5286.721427423273,17.59680276624167,2.26553631960208,0.90426
5617.2381543316615,35.901352901132064,7.732456594676247,0.971
5954.320582539341,17.175582168430967,2.991583039699468,1.05791
4748.0774972900535,17.486789484527378,2.325155722891065,0.77959
5829.013647216614,17.44884005090518,3.0766650344112016,0.94412
6387.9815687916125,2.543732433698647,2.808727026834072,1.31118
5998.570736444005,13.468327505574994,1.9640276145312547,1.03402
6386.680079050621,4.417584428379725,2.016626466819155,1.32358
5624.445640995867,35.83879542324978,8.094793651304293,0.89944
5330.158184710752,11.433572973936954,1.411050806321235,0.9349
5399.547614654392,26.539261800021148,4.3060305410265025,0.87351
5166.69689360986,15.176629227297518,1.4280145716563015,0.91457
5663.475145992136,28.35519375567441,5.345233276999683,0.94072
6037.2795657873585,18.594969503638367,5.200144725437505,1.16434
6374.234090422903,0.3564989414097661,1.7249114755194093,1.66817
6077.370959147763,15.560160917678058,3.0734540937731434,1.07491
5491.079097748382,23.113447496360955,3.695968646841045,0.94385
6363.196573205544,3.6648678844796754,2.6540540764325566,1.33801
6136.6460115062355,22.52414317561459,6.611940579495994,1.02465
5790.02345355733,13.26091553012926,1.472580806326347,1.087
5991.178785695438,13.394496318398112,4.004527296312856,1.35462
6030.397560212949,10.041242957750857,1.375219800851558,1.01139
6083.932122540696,17.675286130167176,3.872088049624585,1.18138
5631.925401837141,13.745704700624135,1.7281463549392557,1.02867
5991.137286670782,9.146291599929315,1.424766504330762,1.25755
5890.295649765435,27.307217736654454,5.617096319615013,1.14027
5559.861143612354,17.519601446915107,2.211853835356098,0.94495
5561.726520870108,18.367662755952864,2.4686524603430886,1.05308
5684.804364234816,14.336989098457416,2.02004546942488,0.93578
5919.502614556057,9.874842620691744,1.341051080079948,1.10502
5757.778508377995,29.48137331353503,7.257292032514363,0.86541
6365.8605818339065,9.471418283775074,2.9497468545361585,1.20106
6460.044321019723,3.2470851921591293,1.051112481663404,1.21876
4595.994353009334,24.771655154718665,3.4708415343208285,0.73976
5720.895149153062,16.280821504499684,2.5327195151139716,0.92635
6133.032634892318,22.203795370384874,6.474302873697277,1.00905
5394.612864839189,29.973473881665146,6.102500737174117,0.8976
5661.498855263206,15.594351782809772,1.6353028421214233,1.03814
6347.878973001506,4.006985271910663,0.895960644752453,1.11893
5618.962004568817,32.09901421716768,7.210562655747262,0.85761
5799.798725511913,15.995049478307733,2.263472104287255,1.09038
5681.51783897145,14.677587024457306,1.449780245409064,0.99725
6220.697350384045,11.236596207228143,2.997649149723501,1.1078
5814.8682558967885,0.40020341587676245,0.1285362423682082,1.11104
5869.618040193069,16.340048419343148,2.460352199472628,1.09446
5779.971657714618,21.561894456349254,3.6530705498570866,0.99883
5380.009290543145,12.500960081004601,1.3381423314146008,0.81634
5103.222581091227,21.004049358684902,2.864824910344386,0.87192
5962.910149235363,14.285971225204928,2.472322184053555,0.95446
4451.14812937607,20.453625372913436,2.2871257389492206,0.68079
5388.497778897871,24.616685685584972,4.199031647380925,0.93718
6344.148251509889,6.816967319041135,1.8699293165992759,1.07562
6279.130644724133,14.043627535002214,4.594613738970541,1.13537
6238.956306092755,12.472537685264617,3.5352316005878186,1.1234
5139.87766684232,27.467189114384983,4.696241092586702,0.8338
6444.710148868665,5.557882050103781,3.33967700045033,1.29363
6288.51288698598,5.175217545227727,2.128028795499211,1.35419
6026.633356242793,27.082612511805007,6.317910320063073,1.04271
5928.286179625133,19.216805206165507,2.986145667858575,1.07417
5680.83276976362,5.2833234563724885,0.3457928027928943,1.00722
6245.9677767679395,6.311156216632228,1.183200819277626,1.19318
6262.9312649650965,4.854165549500965,2.389854363311505,1.46284
5254.251346921591,21.30441618272055,3.0489696575288527,0.86143
5610.486998208802,10.701062714255187,2.496365428312124,1.53139
5778.132908868282,32.692145159228716,6.813081520230148,0.90869
5169.160746929582,11.502539194703816,1.1197014819819542,0.97189
5907.116101379743,18.907586081092383,3.85272970172988,1.21576
6395.311533623222,6.299404836165448,2.1438732923723833,1.21644
6481.604634640827,2.2393216096177975,1.825378113354387,1.5142
5951.536149237005,4.240351673888426,0.5195924578766754,0.97659
5491.090448705445,18.309742509729986,2.5958124621863963,1.0448
6272.507259431686,7.5198518452846725,1.7506215749050302,1.25979
4989.648169306504,24.220595200681466,3.6780871478662402,0.83023
6263.419355256721,7.328031097867025,1.995492660327318,1.10218
5712.2094797961145,6.666614983256212,0.4475551576653342,0.98727
4793.523179048567,18.164542118703924,1.9513119351797619,0.78508
5662.410614704154,20.49153315190195,3.6654831821713834,0.85119
5246.747564306507,23.67893746114725,3.6785167010134416,0.91972
6258.453061252005,2.7397062243439767,0.2919320180155394,1.06695
5864.5376597399645,14.227073336002125,1.9338936402467948,1.11478
5407.5737755833425,19.562241785113937,2.518577409218297,0.866
5929.810712709143,20.759772098240447,4.190078987338955,1.08303
5887.671038028238,10.276613794284295,3.4954476911056616,1.35168
6346.34815297435,8.052296353782282,3.1202719488865487,1.1698
5668.324132179684,2.06033454134057,0.2030170603113887,1.07899
5558.092182187336,19.422198844997236,2.774682800207678,1.05629
6241.911321196201,11.186512719605735,2.6663490227555813,1.22735
6370.715919342555,9.402751441638456,2.9284543956990645,1.23999
6337.45764044992,8.259263387023696,3.7361601977474175,1.16581
5755.015183157886,31.259126849186462,6.104129282020162,0.98001
5694.344883470448,31.953085042944444,7.326352817866568,0.87923
6145.6711563883,12.17764769030918,3.552200710982619,1.27151
5363.821643777876,14.547528683003218,1.316145212060855,1.04895
6243.262375304151,8.817171284682571,3.2556321429585666,1.25281
6334.206827279853,5.163192984478118,3.0147465745265287,1.40448
5288.866809881843,13.861908206543987,1.429123694405402,0.85997
6254.342747342991,5.817283556559917,2.9841482856816697,1.44306
5693.14159154518,23.653110198116675,3.8755164031490565,0.97298
6476.876980868951,1.4163603810081447,2.534460167643291,1.3852
6024.95283034351,9.094817600265335,3.71777304356084,1.31956
6284.9406228272055,4.095785647147228,1.4794714632510868,1.3281
6008.929876038365,13.449980898934173,2.152735979740411,1.04392
6133.079632286706,14.064857314453352,2.9072203713939415,1.12001
5859.731569303582,13.691097928915005,2.056298827690042,1.09517
5782.576188596566,31.803162067223337,6.342995472611086,0.94315
3841.8003855347743,1.6798828492204436,0.6491003435992295,0.58874
6022.6700241126255,10.53893554806221,1.8877978272346008,1.16117
5401.581624790777,18.391987050605717,2.97371994611902,0.83804
6060.969678046552,3.6850483087634442,0.3416577763563295,1.15636
6082.563648890229,21.11399040974369,5.006670114416859,0.9672
6164.502177531357,6.336950516109889,1.002659886022405,1.15719
5697.393481284424,30.07339010345863,5.2143838808837035,1.03403
6175.283850644671,11.371362514226592,2.769603827942372,1.15395
5684.247125459578,20.66296931769369,3.614555900095975,0.9154
5504.562615324498,32.30384259668579,7.299609961384681,0.86389
5980.219556543959,12.559287445471782,1.7038379599053368,1.10372
5972.725969970146,17.901459214931194,3.442357388910132,0.98122
5926.328335982339,21.68673615580185,4.716277095908639,0.96389
5569.546358334229,11.128675658277434,0.9678230537560604,0.95742
5941.758413268158,17.170525294510348,2.574800202713152,1.04265
6075.145931064096,5.750791434109444,0.7069930853005557,1.12193
6381.692373881883,7.483461367515991,2.067538927048704,1.18283
5991.22225440007,15.189011841201815,2.957388088395011,1.19627
5477.179697724367,2.118202727708665,0.2635582598011087,1.04886
5455.152059106668,13.7905146974233,1.394925222519179,0.97487
6453.881434204921,3.4143453785320723,1.875677399766531,1.40005
5388.583096671285,16.304998021767993,1.945669770785079,0.92379
5983.826814582798,8.446120137672615,3.3446593886366673,1.37442
4493.203445586736,5.3069436118101985,0.547137406098067,0.69746
5881.882121252531,12.24913694154017,1.778263727452027,1.06194
5528.51638189559,12.774462473287812,1.236147981940254,1.08161
5358.3679728314,12.767067382926186,1.553341091936529,0.82654
5666.32183829674,4.933998643504986,0.344463422912289,1.03588
5542.031097071556,12.72172514475097,1.015086858890217,0.97014
5687.243865743489,15.940747262274762,1.994774905281987,1.08138
5826.366932590487,19.696137829753077,2.725037591720513,0.98357
5531.963922134821,22.76216590631751,3.4815995422372032,0.96334
6488.35189674984,-0.12107632787628897,1.521589738343395,1.60421
5851.464581233511,25.39852812595131,5.524989770940078,0.96799
5033.329983715402,13.664552687137489,1.446940368357285,0.8443
6021.661951736762,7.9728816765932295,0.9924594066741113,1.20598
5499.479171623856,8.048779578064366,0.7515022552349321,0.92794
5969.085440714001,28.972910949145096,6.302172590279981,1.0086
5829.851642806712,30.742071800979133,5.926390475398924,0.98895
5030.816689389052,21.423817280224682,3.236958085445134,0.83486
5671.4294864070425,16.53206481240109,2.211529845750834,1.01151
6155.207108376807,14.046315876317925,3.557912884270725,1.20881
5641.749289107273,34.086175685589694,7.087198679311408,0.93633
5079.018275842364,24.006292493819068,3.62615062056616,0.88702
5949.083518262656,23.115540979938736,4.897254851325198,1.04956
6092.6977069003715,21.97194034197963,5.550914782874641,1.08646
5469.821674356592,19.114409914907647,2.8196183885530286,0.81547
5936.06670481272,6.485154893175971,0.4477072395638178,1.12971
3942.491373095718,14.351218110188293,1.521508342413106,0.60986
6316.293900566664,5.8241308763307345,1.969757531940298,1.05083
5875.100190862954,37.49062553734674,8.083634073345658,1.02691
5702.395274375556,26.363124373459286,4.358837925320602,1.03415
6102.554781220307,25.73698778501787,7.133737413765049,0.94633
5763.732429645823,29.55861594089315,6.35953997102826,0.89036
6068.090586133282,13.265389060407248,2.679345110017299,1.13381
5897.464246841641,10.975543015962016,1.330884195784241,1.04106
5704.9726745338085,19.64954741884,2.802331529490959,0.97825
5941.938891386768,19.550152162884842,3.213889738459846,1.13888
5973.476398312059,33.31146887006349,7.528628891811897,1.02359
5440.790728876462,29.287931490294216,5.188979243329475,0.88927
4456.071818750931,15.918130512205913,1.374106463272262,0.69888
6128.391523503136,10.347660810155359,1.7275901299092131,1.10496
6152.936599608178,19.138401961388187,4.603076705738276,1.12028
5088.275289716707,14.613352570060675,1.7023894696738318,0.90625
6054.596502901604,24.069097656286246,5.3617083148325815,1.10803
5963.777217745233,15.410115047021382,2.157355205022747,1.03809
5914.767584669765,30.906550008838895,6.511268479408232,1.06136
5441.481393539533,23.68144802359213,3.565154903716393,0.93994
6470.771164063379,4.989395340514691,3.8152381028399813,1.12612
5840.898469199997,17.179153883184952,3.0468968845571385,1.06287
6077.291121816754,13.941856537783643,2.460515155928912,1.22467
5557.711160230881,17.747028792292245,2.655416552031689,0.84057
5658.765347901897,31.82361270293008,6.530592564485907,0.93778
5792.003868408217,18.56174406443885,2.661911350550287,0.99681
5580.12965299564,16.096405570059872,1.593431856663037,1.02258
4607.56177124857,21.1146997477697,2.320259914242108,0.78827
5809.118315719709,28.613216419910877,5.731887913978523,0.91204
5461.221174035894,24.245987287137943,3.9732788602907787,1.00519
4793.038908781895,36.66102821909932,7.133681304968227,0.73087
6279.610291886763,10.61824329434326,2.8658808206679414,1.15068
6082.523482794652,17.757957916805044,4.042405803947083,0.98144
5221.3494595929105,15.950048875091383,1.6712508587472608,0.88574
5734.093753263835,16.503171700308847,2.834736992544195,0.88555
5856.850830401286,30.316840219481495,7.116594445144425,0.9149
5586.522706283147,18.96668199855324,2.8391123117252035,1.0433
6227.397124124254,8.752002907980104,2.580124032323645,1.25661
5499.355086718348,36.2932415816893,6.619102894550477,0.9899
5874.007558679984,27.46123981428756,5.693603882110104,0.97334
5974.1877365462915,17.881386295619354,4.737596963662174,1.25063
6025.915213354289,17.104534627978776,3.5154592125991946,0.97617
5922.087670699086,18.75255778524053,3.28271958168783,1.06067
5594.579235490839,16.019417124977775,3.4098709671715133,1.30878
3911.634742308229,8.74835067991433,1.2307182335112792,0.60469
4424.647079313073,39.76526850341234,7.166192860483393,0.69135
4552.642188205296,2.61165785307372,0.1654078332236599,0.76324
6075.899688822034,2.080593657053755,0.181433846933223,1.2288
5679.4676204121215,17.798978080666707,2.7656198564561496,1.06423
6006.905702190755,10.807129120172048,1.7748747385971548,1.27099
5911.906370821535,27.002367722005495,5.589163093014947,1.02486
5504.310122442566,-0.16156127761584327,0.08958686176614178,0.98382
5990.377104154193,24.927700553321575,5.311243214857455,1.02972
4721.587549308364,10.297945549654893,1.00409737065647,0.75394
6175.44055407717,12.383354688417533,2.6308372213626154,1.20622
5171.6927473447695,21.241448744487975,3.121013091206429,0.89278
6162.434509645955,14.898396098906245,4.7705413522216125,1.20643
5274.821635959238,37.92449164847233,7.830866931514517,0.86846
4336.6758061470755,11.922456478355073,1.237415609165256,0.6732
5898.748478240901,10.666416547432474,1.110008752084877,1.02844
5833.539471216192,28.827991462189182,5.380361634654288,1.07786
5346.439901667391,15.021087858478172,1.8746456420769582,0.97032
5209.77836427238,25.548584130407587,4.162853801406519,0.81512
5313.159508568984,17.310021523275314,2.455295869864901,0.89578
3626.835978167845,13.507895268519912,2.4820200155950163,0.45862
5338.2293712882065,19.85803727401305,3.1294334799085313,0.83462
6269.482890272034,6.192148610991105,1.881931881147424,1.29177
4630.686462406348,27.28523296014729,3.7697690797982597,0.69664
5408.738798679396,15.083146975265423,2.028177146838963,0.90903
6215.978743394091,12.11572890344969,3.79191041843958,1.22826
6040.39260392227,15.607388861142681,2.9161878131149335,1.20817
6105.683625042308,11.51265668980127,2.810806369118371,0.97172
4166.733808887674,5.735060849019336,0.7728678876122687,0.66372
4273.813449000218,19.115739332172964,1.806291595626441,0.70447
6138.548727704046,28.04804847056367,7.942741499026708,0.95312
5658.225665045356,19.129196716081616,2.714327406922624,0.99532
5751.20168959056,27.878597109768993,5.708821981693734,0.86853
5755.470044708206,33.03658738508046,7.338972610690861,0.92164
5748.100737437283,31.20950653161689,6.216352275674481,0.9273
5236.729792618145,23.360297373465613,3.908798607861331,0.84114
5406.326378457982,13.338711940447675,1.226512798680407,0.98447
6081.649365930059,18.117569495922364,4.030637985324706,1.05142
3941.9531147397306,6.286485643931265,1.033000730562063,0.58989
5921.648731339256,34.191557342121136,7.610139887923321,0.9433
5663.494448955489,10.590573474828958,1.1179706603696131,1.14786
5410.932799672355,32.0496276660343,7.475596419025225,0.83037
6115.825560325417,2.7575432228456047,0.2055438080754418,1.11002
5934.797829600768,14.127574575408048,2.307570938475195,1.00279
5469.694061373061,18.998247678731442,2.568539264473465,0.90078
6408.260979383775,8.95034116098419,4.3663341933438655,1.16944
5244.3056874920085,27.13291115844522,4.855381611020596,0.86026
5816.894654404846,30.31685833077333,6.451579307653673,0.97441
5183.601867264308,16.282075153372332,1.83815934628049,0.90983
5670.148987790136,20.207549758325566,2.99597256662888,0.93925
6373.3896453466505,6.835588149083429,3.1067745702522016,1.2123
5871.355417512768,20.61763405521854,3.658081183976834,1.01126
5491.669304984101,23.277715565366112,3.9153686702476502,0.90323
6285.364700306506,2.636290559836474,0.4152040641293104,1.1663
5731.423504973688,17.831032455954748,2.257648615363376,0.97644
3935.89691147978,27.919758167606457,3.8403349111100216,0.50347
5322.115969445475,25.799469058651344,4.700969768964095,0.82247
6024.3988381971785,16.862886350309243,3.259713388867339,1.0555
5760.4350415901,27.056310765380154,6.134144910281643,0.86772
6244.071776651956,8.556828114307724,1.682084134760327,1.17007
5279.000366571587,17.358591828130237,2.22611232785562,0.97543
5092.824807937098,22.338118667696776,3.432419865146048,0.79551
5618.589552743714,2.1377546182176186,0.1807210121924348,1.12486
6186.002541355719,21.132464977768585,6.2128076760976745,1.02586
5371.604189482639,35.381834748501255,7.846161000171683,0.80481
6035.151360551425,14.55294579500682,2.693682943917187,1.16823
5397.374918576419,20.950695986855315,2.93450506334251,0.88813
6133.103911222201,9.926637006485983,1.732427661471475,1.07085
5333.3819572761795,18.135019636046074,2.251682268172496,0.95065
5622.636809827743,28.652756148972056,5.998745956808356,0.86619
5842.5845452945805,22.330956230843228,4.193774393310482,0.95975
5862.7680072820385,22.881800114968204,4.003661537398236,1.0131
5445.0299826807095,12.524228292308146,1.4644762538232359,0.94885
6354.217085085517,10.936090632570357,4.752743280291021,1.12167
5914.058729942188,9.585904952100513,1.231177194632656,1.06979
5950.901112666388,14.8880982532282,2.6987027321231145,1.10185
6122.965518550098,7.740653233514296,1.3084705808132158,1.15699
5387.138337125488,18.310724605628806,2.530994761354369,1.00246
5218.15474665544,7.670045865892873,0.5670549642802053,0.82911
5697.509960689726,15.52607842919791,1.7312020961287549,1.04791
6153.999031385811,8.274764598356311,1.6106974141202302,1.04722
6196.545608151286,3.9460987878600413,0.3586641144823429,1.22394
5480.712731177789,31.579995521527476,6.1049897612466815,0.87981
4904.404980623049,23.227911799679188,3.240719591256175,0.78759
5680.086282975982,14.316013120286048,1.693080947908356,0.98784
3434.439568968847,-0.032348806788134565,0.7278903690564794,0.39866
5811.888800569701,36.20645788776687,7.734438381162269,0.98782
5150.297554194783,6.21259827523413,0.5662522084617639,0.86341
6328.022921560426,7.6677343427591955,3.7938659203582388,1.14471
5998.043703191012,35.282106099561446,8.065079377759123,1.03042
5202.773195183396,18.85055217339257,2.19199979914827,0.83687
5542.185454547962,37.985582568566,7.872996914026481,0.85452
6380.302615286753,3.5303019624687924,1.497030245830921,1.14678
6180.068536872766,9.590640943324033,2.5799992342202507,1.17681
5907.06033896142,33.83750735624922,8.367220971922865,0.87623
4887.889047108441,16.694142517684725,1.9305160046261869,0.86353
5970.1279498688355,33.036127549234685,7.289751197101379,1.05799
5540.1052201070925,17.666509382923334,2.183797485778802,1.07629
5990.119292607065,17.61785968654331,3.372549927582174,0.99372
5355.393916270315,22.02139090288831,3.8976556847631567,0.85968
4382.823650273041,31.21891819562701,4.580442737200334,0.73715
5785.078688067752,15.274829356245569,1.8943944741636598,1.00887
6220.447766382843,4.840161351871874,0.4750036236215998,1.14277
6325.294589499644,11.195370303520871,4.662939830629943,1.14518
6364.100895277111,3.485745175220579,0.3140881339671895,1.4202
6495.515957593947,0.5124526024588851,2.3361510030394133,1.34707
5529.616458584167,38.15637782024856,4.801003751307988,1.23805
3958.2743782922466,-1.1264696396471132,0.3807222069536672,0.54924
6154.796296026059,22.455225770127452,6.2215878304288985,1.00851
5926.328335982339,24.689904876778584,4.716277095908639,0.96389
5809.7135601323735,18.253348161235863,2.507131663699523,1.04108
6024.626504819663,8.915304664650405,4.545496708304906,1.20584
6025.383468811191,22.630947422462153,5.071172473420701,0.93005
5931.976288869386,20.81433490904142,3.90052214995609,1.00421
5590.18382648328,12.046837847035256,1.626929596179586,0.97797
5906.604940309011,23.195642735170892,4.830388971684629,1.0801
5351.823151990821,27.95480381860179,5.536680828081216,0.85593
5383.899487925051,29.305889881751263,5.7059384595354725,0.82912
6017.9843448849515,8.31724596497283,1.1662335834073259,0.96288
5526.297120107494,19.8129648955333,3.2316952982250085,0.85208
5227.12752377241,32.89009364653462,6.149240064286229,0.83315
5445.423001802765,19.57118526133283,2.441776511598091,0.88195
5930.710402470141,10.144098200469381,1.3288725076926393,1.23486
5435.52798777888,16.436972956704107,2.054469885846359,0.91531
5454.756220305857,18.434571432633753,2.13070925490296,0.94633
5763.725661248161,23.553554739607286,4.023252640101829,0.9194
6468.106875553069,1.8520207266202469,1.4734344315074692,1.44971
5931.688234154214,15.452762971052689,2.8491386165043835,1.01329
4842.597809996158,14.54849875375416,1.543243781708642,0.75988
6173.415500963857,16.717162763124048,5.05493116213299,1.17056
4580.385735751115,14.511439324060673,1.408194514651022,0.78013
5976.083517435515,13.227067401524321,1.853960726112265,1.02811
4704.600926304588,1.374693804480394,0.1647365001770393,0.81988
6318.671470554976,9.78591057572162,4.032634756478545,1.12955
6255.594786613533,11.936049004274524,3.3730531281148686,1.17064
5455.524707492817,8.44282285183755,0.7559422188646608,0.92326
5770.9334170391885,5.0927206870400985,2.401573931214981,1.48608
5685.798320023341,23.79046243706042,3.5906044427308066,0.97999
6368.188301929983,5.372832405193002,1.0256409989609199,1.18718
6025.31149209286,19.29284528439645,4.094030160847208,1.1508
4873.11722193038,27.562675268589413,4.435226617289653,0.70305
6029.753394882101,31.217303576357818,7.65020168127529,0.98364
6272.398209554969,11.379488268875654,2.835853725648482,1.17485
5629.068181606106,17.156797583640387,2.068885530895239,1.02478
6296.5227047187855,5.970610747211054,2.923266091567136,1.30633
6179.624190164355,17.73931019361788,4.543823340907383,1.01504
6042.581828923324,13.419563743498015,2.305041446093128,1.21988
6159.080238350362,14.512109554768259,2.759249538333047,1.0372
6124.866843546812,9.332503995755172,2.026494795984957,1.09209
6289.389081608106,6.171782900798359,2.1825874089916892,1.24661
4453.382938491673,12.31224770457927,1.2928225958755901,0.70272
6296.731459337465,11.529825894507596,3.856145132684288,1.15866
5684.480443270343,13.43385135224652,1.679118465513326,0.99603
6252.274578385566,7.135955601610536,1.6562301453363517,1.17329
6385.525550325214,4.155205316593637,2.469900860578104,1.49723
6271.035252809056,5.406983426468122,3.574102408999978,1.30848
4940.3236037921915,4.264400045051032,0.3691404009187411,0.89989
4998.900727913353,37.18664143552,7.976099402729527,0.74315
5672.492498387447,15.021517559593619,2.963780046341557,1.4892
5762.374191100547,5.460582649962663,0.2889669678455099,1.0574
5556.019899620823,15.379082311485448,1.646888328795779,1.08633
5817.761115929291,35.241094739011196,8.36263509795295,0.90905
6232.989292416052,8.561835157486403,2.305511053532815,1.30675
5829.7045600379615,17.470474193826032,2.4424636797264703,0.97908
6268.7349889050965,6.296648005281904,1.994531309761,1.25851
5733.541656127509,32.08508691520223,6.294715976751893,1.05522
6308.487826987772,10.874777747846629,4.240492362574229,1.14532
5649.947913862105,33.845383551819076,6.454031765934963,0.96436
5909.387217421768,9.028849454461266,0.7600313261895436,1.06589
6303.32546812743,15.44939713356744,5.534480960096752,1.0395
5902.270717116096,13.872008779905965,2.479787591409282,1.02383
6247.0881615446615,9.644710153115373,2.537055261640955,1.05254
6194.5721716131275,21.79360154523171,6.899655913819586,0.98425
5703.1492363064535,17.61618696730599,2.483363826972079,1.07406
5986.650293002978,17.36613572487199,3.2850275632842463,1.06603
5959.163633612076,12.376011537051749,2.035944398725047,1.10213
6289.9275897270645,12.64288852471622,4.3992229413485004,1.02242
5723.57114945592,16.502467566756287,2.58384987151544,1.0149
6269.971704734657,8.675027531993521,3.3220244172269853,1.30618
5924.58360370753,18.9292128838181,3.2602996211376913,1.01569
6369.481350055356,8.369583720202321,2.911527455484618,1.20212
6195.682151752505,14.326252255424906,3.219602770845813,1.12522
5170.709948367945,36.47926143894476,8.464196981427326,0.73305
5686.638378455406,33.50810724358103,6.952624898592237,0.96284
5898.818932413101,39.20192912903026,8.207728428398369,1.03295
4683.152001234269,13.555730225333722,1.361671202001177,0.83858
6306.979313400067,14.098066568582045,4.309983504536623,1.07046
5963.862815639509,32.8210090867238,8.019065505028035,0.96409
6330.6801421349855,7.775586281883433,2.776035995761267,1.17146
5743.669744177832,13.542667694898148,1.4731134403781518,1.01487
5543.849055539232,28.53902670657384,5.241083562957213,0.91869
5972.171094807562,33.76603729134049,8.328338985185582,0.95819
5391.59048147836,23.00859186145664,3.5890056397759436,0.83767
5559.1732067784,13.513158124360682,1.633250849042305,0.90727
6487.802992550345,0.6920657521868144,2.9588313815808904,1.34188
5797.578041776891,10.515980249246466,1.282740165352849,1.03273
5682.005578573637,34.353941924183445,7.579125884941274,0.88703
5380.166569887996,20.70011480202932,2.746721207613628,0.90953
5070.201971668436,34.850172767798036,6.967947652053825,0.78724
6027.317831572791,11.007671676142552,1.582954859027658,1.00153
3632.864083062121,4.7447941305190815,1.56999701016634,0.38707
6120.64689440571,17.08042707961243,3.97408650643353,1.15217
5421.210338395612,20.92489123587878,3.071087249788993,0.83616
4688.900757374317,19.697510727200033,2.356810462851135,0.71637
6052.471179260791,17.694710038072046,3.588324650151177,1.15202
5268.892307779845,28.552670958211028,5.142085908724959,0.84706
6424.686450205139,9.115709654680247,4.4204500735812955,1.08892
5315.677264641562,13.757383646198603,1.2713296073944351,0.98632
5935.859017915529,28.641387207270633,6.825033266994134,0.91273
6208.707557363691,9.895959771126911,2.4167152614587004,1.07144
6356.993096064706,2.4817978391217035,0.9444523054214992,1.42119
4927.914411146013,21.874957332459278,3.4505865363039536,0.71143
6230.204585447337,12.181597936505002,3.7588169897418813,1.04469
5413.282836793856,15.444866730024229,1.8417748722281018,0.9885
4982.498231210617,26.33246103346328,4.0647504899587235,0.76552
5433.627633532811,22.91901754899464,3.7815171892313795,0.89687
6273.530372387319,7.80339595687329,1.412338938035694,1.1918
5440.1720540080405,22.881588608719735,3.752510736531788,1.0011
4943.103175428917,13.113997182059448,1.495477215823906,0.81329
5464.836212171307,32.51715953697354,6.98193485910893,0.83262
6095.085727052668,11.540371054030272,3.4732044404888116,1.29434
5769.292124795179,15.710005228350628,2.262459083945379,1.11264
6272.936157806759,9.073079355847412,2.3433575405510956,1.07808
6098.259966230285,10.92709126564262,2.656510906458812,1.17394
6084.370961333549,7.509365091128694,1.1811742600208601,1.2359
5987.417364592122,33.971368145681694,8.053983424241462,0.98657
6053.227082045041,22.112760876297322,4.8246118024761016,1.08107
6157.091788768682,8.023502399762371,3.6093377541050042,1.36181
5539.008459472419,27.708703630778224,5.286318692673155,0.90478
5619.624868430325,25.625747554048584,5.468974596422135,0.85209
5322.33147959953,37.068944131049165,7.00310592424875,0.8702
6143.377348627983,15.994238882231047,4.354207384240613,1.13327
5802.246047934466,31.221340787300008,7.290712737616662,0.90565
5850.996815437751,14.255437298072028,2.124995443639078,1.06613
5736.805771735505,20.33327931770886,2.781229155098511,1.05783
5877.713042994234,17.995202040161175,2.862715849735429,0.99711
5413.042777386703,21.557888381352186,3.27979604276021,0.82242
5484.231243157922,25.05571241634931,4.4122968821712,0.86373
5765.865668830021,29.686039287954433,6.050916074484659,0.91767
5382.4704854527945,21.47841052784301,3.1840199505555518,0.94973
5408.192797099016,24.21239716875783,3.276827077661404,0.97613
4756.6100213690115,21.305929037402866,2.494586936602334,0.73423
5728.9921249244535,11.643893387569562,1.4359899215103182,1.11543
6252.9577244430775,7.08481978266583,1.521259551586464,1.35759
5946.78800505393,12.56544548760263,1.591196771843514,1.02174
4397.223916983574,23.421032845782097,2.688765399137078,0.79186
6460.303198229439,4.226772441830695,2.811289489191757,1.22822
5148.828183240082,15.816924382748681,1.6296808917195469,0.88944
5627.835085189942,4.165593433279998,0.3268211037887958,1.04882
5045.159299558472,10.065172792932595,0.9584586449736588,0.88788
5655.816003371343,18.16151918573198,2.852236797162082,0.87834
5826.9595058749255,11.53410168032294,1.191787232219246,1.17495
5684.380132101979,20.60972327858567,3.5730486003830535,0.9529
6198.592000306871,10.192800091666287,2.7672600833147536,1.19487
5919.297383821082,19.189887786730498,3.932132078651273,1.03868
6213.038345355879,10.548744518409443,3.3865631481087015,1.27781
5800.575371127341,16.775687091883707,2.3885077698480095,1.09767
6185.402088244669,12.65285582521348,3.604591637565127,1.07174
5998.584274551264,10.797181547346813,1.66289177751741,1.03709
5712.588710746037,29.341304997130408,6.034236612676919,0.9271
6008.256738644533,31.538629185282158,7.1139477603254875,1.05678
4327.219458068873,12.706404756684869,1.2129156672957329,0.7182
4363.6959527307645,14.382626811443686,1.5449603660662732,0.68712
6210.005631505565,7.083038678041563,2.364849096391678,1.30791
5790.330232210195,23.138991854294783,4.0830199955534665,0.96982
6156.078598541044,15.220235004292983,4.9995485621163684,1.19013
3452.1107999305623,1.8071174694955745,1.231210174356272,0.40315
6282.2772852814705,5.885677578431258,3.031493062016353,1.30663
6242.83346317722,6.601485352177511,2.184870161390449,1.33785
6201.58213634715,6.999616519508658,1.65753046119001,1.19139
5830.694490422046,17.232344181838812,2.642992286127194,1.05484
4926.224221806072,15.752975751686124,2.104034557942403,0.75271
5902.828502155386,35.99551925252179,6.4619222964326655,1.13929
5896.431429489449,25.876996936756065,5.061759881977029,1.07526
5686.072256815611,7.193967352704813,2.0956496355154566,1.59903
6185.7033444948365,1.6431132087521847,2.05457343137854,1.60159
5918.957037908564,15.720447660595752,2.9494755374532873,0.95727
6158.14128373968,19.342218337780064,4.945351532459388,1.11977
4962.084815334091,12.285131039781659,1.113652171639963,0.83638
5864.8396218743555,19.316080077116204,2.746978380106132,1.13239
6266.369540858781,10.768283001981706,3.3679243674758887,1.22194
6283.2341910130435,10.205039018114451,4.245556365164832,1.12798
5574.576609775404,18.666744560081785,2.790160411101975,1.55489
5993.2578535942785,7.845746640152117,4.234539724064075,1.20621
6271.981451608004,1.6251650891913192,2.450294475823251,1.49002
6371.138673595673,7.303958216540868,2.111060412519337,1.22628
5748.786684652038,18.60035346514549,2.660077671943501,1.0867
6326.247401901859,6.163107462502486,2.834225560369268,1.22715
6204.931999700482,23.096573207886866,6.452338815560339,1.01858
4589.236317467644,31.21907988115636,4.959750513917394,0.77545
5458.413679262275,19.657880585148984,2.079748539256496,0.95517
6141.1059430000805,27.97460429064445,7.377579505868595,0.96023
6164.625872548141,9.889078495999602,2.213709639728621,1.23295
6228.680300442425,11.787392151117045,5.1969476908753665,1.13723
6030.855852631809,17.197671867388184,3.5370481257522033,0.9977
5897.140275399218,10.059092698467104,3.6172181494494,1.33419
5103.709302322659,3.246033448757811,0.3530150745917544,0.87196
6066.011199762639,19.08842324004917,4.4076795416772585,1.09584
6344.2400313842845,4.108720707480414,1.33878350292545,1.36661
5662.4740952306565,15.297554369264043,1.802390863541642,0.99628
4392.054616175685,28.552004490284794,4.170945330480113,0.6352
5837.4516110446875,35.209901267370604,7.639724388367581,0.98135
4956.750978275716,32.727156694594015,6.146531841803566,0.74278
5661.037249243212,32.93182674652652,6.320186366481693,1.01556
6176.687021973527,17.431011776610084,5.147147726924791,1.12631
5884.584478605548,19.458725045291192,3.5896947914080353,0.91101
6056.144379310506,9.284252527292297,1.2270567646351451,1.20724
6122.75654927625,24.17238380541943,6.812693821141496,1.0189
6136.121814394535,15.486277184651344,3.926403554997719,1.09062
6072.341466453667,21.099003695671332,5.0443571504097005,1.1136
6251.621477667043,6.102540654425464,1.474145347156044,1.262
5315.649385341202,21.26456473450572,2.8908666675701564,0.9141
6239.559334087769,6.555341119863799,1.001734210235755,1.11453
5883.817321002582,27.158815053976685,6.333514952527244,0.9211
5305.345331651833,23.64493080250475,4.103878565009665,0.82824
6027.270649004453,26.76090965985192,6.030789923601247,1.05185
6331.263731798131,3.786592977059069,0.5195425306341452,1.3211
5637.563617341194,17.35642800940075,2.118462244109586,1.01893
5418.9444679146145,22.028503726954437,3.2380292912160664,0.92938
5248.771342243439,9.426394362343549,0.927744361681472,0.90374
5903.380096829418,33.89553132345491,7.7667379394397935,0.93686
5958.187131787151,19.654224855889098,3.396598254664061,0.9579
6114.611751131412,22.164109126829725,5.5442476833636665,1.15667
5601.095152773602,34.030534397815586,7.622300567274884,0.86855
5294.428678033561,21.811045417506364,3.2195653084650213,0.921
6089.809285041408,9.808877650099362,2.0083354842399497,1.17542
5359.57232428451,20.456547753250657,3.1518408324162785,0.90202
6467.603293337432,5.431699976365727,3.2241831462855184,1.16936
4655.398440283036,9.45751872297239,0.8414657022542018,0.80895
5130.044645007012,7.56644793794449,0.5972492087741658,0.86431
6492.566885925588,2.2387532297368344,2.228747602956915,1.50177
5367.36254582164,15.394131464170744,1.444375855071658,0.93671
5536.411418179402,20.35709571714533,3.593724271561741,0.85191
5806.530394804202,25.567264267131794,4.498853683284072,1.0653
6277.114306712915,12.106359162984386,3.5098518777842216,1.08655
5272.877465163876,19.220566900646144,2.4449201781406935,0.89983
5475.839207315013,31.178990552188417,5.890573612148522,0.84663
6053.058450814664,16.040945072421177,3.4691262695946006,1.07139
5760.8298554109815,5.389661366697168,0.4087062180281584,1.03828
6242.072434173652,9.75932274729584,3.2796147172815933,1.17323
4508.375858896022,29.086321485267057,3.9760527553061933,0.74673
6153.232829079071,22.775579562485678,6.417346902083592,1.0202
4447.475386339675,13.998239790158163,1.4782957603542581,0.70547
5487.076206226525,3.5548131022835356,0.3256540972894879,1.00737
6397.219489917016,7.234357999223923,3.409138660874066,1.19416
5629.054304840267,19.62848591051753,3.4416454981808866,0.85668
6020.083125952821,11.292240447365646,3.149479756888223,1.47928
6495.076954751643,2.6967942425126585,3.554857502536581,1.24487
4522.604504037098,1.9662146535270861,0.07288530650917356,0.76984
6231.344853311187,13.728435714766947,3.6392087271628766,1.02329
5683.920310223402,25.092402007163205,4.769879361970675,0.86547
6001.931622543277,29.04301728058551,6.1046588084492015,1.07229
6140.820457525188,2.5095690957355115,2.0472102832489143,1.61987
5825.1135712437635,16.765861894719684,2.6707572260939703,0.9403
6103.6915862435,10.978409307502163,2.2714237454168815,1.23641
6160.436682316486,8.263936307376733,1.8260312120783269,1.15555
5876.01226497879,23.06158347797053,4.901396640803738,1.08675
5892.649536025036,0.2584820903367866,0.1448336507539901,1.09277
6174.339814335766,1.3984856913136186,0.1202800346225546,1.13122
5598.434721330784,31.476163584995746,6.210161239211931,0.91232
5933.957995538292,22.293461854390188,4.3849468459511,0.9429
6185.790372949303,8.239719038220787,1.839462657128892,1.07804
6101.016169824057,14.609708344954846,3.1667611598337073,1.15289
5733.558925024938,26.358235549186947,5.569086431511182,0.8828
4621.048721331489,16.274722015941347,1.733305807517154,0.79325
6012.740841121001,12.330478167764099,2.065637872093894,1.15592
4558.466326721358,31.742902553248403,4.857792115309596,0.75447
5343.2947986328245,16.657076662820096,2.0779772646595083,0.88731
6047.28451429795,13.493657031041305,2.2738011762279857,1.05501
5334.3828848346975,23.253060528164745,3.7343930649400963,0.82508
6121.615912212123,13.367219938185787,3.8838224274295245,1.33526
6171.1133703160185,15.02154241863624,4.025672728038086,1.03837
6026.620782576651,13.315386842952426,2.574875951267333,1.09345
5336.42205718841,6.691989968495936,0.5945669141797917,1.01044
5363.020069323279,12.7278031467827,1.494751002673895,0.84416
5577.801781639768,18.534471606731515,2.363797504737812,0.97642
5871.690615607924,1.4007635767938331,0.1581557417133272,1.02965
5170.186253503622,35.56975918714623,7.112069335302696,0.81141
6118.430355641755,6.610145431822685,2.8144409802730506,1.42792
5741.226159062718,4.4910940405477255,0.4726498381293726,1.11475
6301.111835666514,0.3135815205404471,0.123746583373997,1.21902
4501.13537456473,23.694486869544086,2.8564282849588762,0.70897
5383.496656745861,20.779755235499042,3.412561561902815,0.83166
6174.342057286688,15.239236888782525,3.588308486880158,1.02015
5956.678838073128,31.07079188725538,6.46292272816026,1.07422
5993.599659384165,11.376584114376849,1.5292319523584632,1.06974
5754.289922361757,18.865104505525043,2.676326665623282,1.03134
6403.729617406762,5.715219886143629,2.058919905649756,1.14058
5927.69726084883,20.40903294105149,4.0162067042076375,0.95056
6256.470869601379,6.485881196035089,1.960641111573593,1.1807
5452.1887385027,0.9173450952565232,0.1273582332315119,0.86577
5719.727687589046,20.373684178012702,3.209686163464408,1.02479
6156.951048430064,9.059986223449192,2.455541417821078,1.28899
5626.090609828338,12.566203561367903,1.3238872246133002,1.05384
5644.960597991066,25.942420858282702,5.1165331083274905,0.93118
6240.452671767301,11.005203871554862,3.471981117469412,1.01294
6258.358214141595,7.747531762694963,3.1967610967315565,1.28623
5695.362255000398,5.7486710566444685,0.375842339143689,1.0274
5620.207520577715,29.979613455291002,6.545245430480789,0.86769
5365.812620509391,6.123862524431677,0.446721301386128,0.97959
5814.813634558822,26.81004219487146,5.031437836929922,0.99799
6300.324389513249,8.918704718866717,3.49461759114311,1.16405
5513.020705890666,20.010871424902817,2.9109740982609362,0.9343
5280.664141167991,32.48313333331976,7.637591488109746,0.77436
6132.4411431222425,12.104407620718806,2.1761116113923507,1.04907
5851.966599836279,12.149945526967862,1.3590513828406001,1.0655
6346.547948941096,2.584647218743939,1.568849923307291,1.4029
6249.4369753965775,12.193837280844967,3.1319812639462548,1.05572
6205.029848555639,18.604646167600755,5.294130266985476,1.0122
5066.867281954445,20.77530430320039,3.7801446115332236,0.75816
6040.6120473903275,7.882872789839771,1.2978753338960711,1.22682
5822.496840389381,22.018620252059915,4.573321484531036,0.95914
5175.634283644491,28.98077229314624,5.669554511411611,0.76964
5990.9648583413855,19.25449963389623,3.313875545321462,1.03596
5704.801636975114,24.88307296989284,4.470299160690437,0.97813
5407.537323543947,12.633537251597007,1.515875489397791,0.99663
5839.073215213803,16.425965705648487,2.545320378995565,0.9808
5705.450534813321,18.018859368291814,3.293349731768212,0.93079
5785.636026067128,38.49934296935434,8.020225921524176,1.00464
6019.519879216782,13.00107010634304,2.3166689313239046,1.04567
5864.8948675860165,20.866734847398877,3.340801895481401,0.95785
5940.135507914614,8.819941429733635,1.223480131103872,1.20724
5969.219524254189,19.878807497895377,3.6688588466885537,1.04939
5832.219017380831,18.75193018865034,2.9185386131528066,1.01332
5468.580229230057,12.675492924235053,1.231807217826282,0.94913
5717.828496137946,30.011708484429157,6.342198771832401,0.91127
6382.5107486006555,6.1426628189575,2.459156912898813,1.1711
6102.268441370376,23.830597073176577,5.707723887440069,1.04306
6045.8325390340015,18.821314632160398,4.1104642776950415,1.1618
4467.415325030775,24.82660479949846,2.787303498947966,0.70227
6213.554853185814,19.26829617648841,5.9427103494465445,0.99761
5744.1874886942505,11.536639021530274,3.0466702836941737,1.40676
5539.955587848472,15.60981289629434,2.137776092016832,0.92075
6031.041536981321,32.74395538185262,8.444923202452507,0.94109
5612.286079235482,15.909967199792394,1.6611608857250282,0.98367
5254.090291602794,23.575160573040183,3.6259134184917525,0.78409
6363.765413799677,8.744309758034916,4.073164794093753,1.18283
6134.526329841707,16.259470665959018,3.5708457931480164,1.09174
6162.205079673459,21.190571725287352,5.562017078808251,1.0769
5874.952258243426,19.89421511550535,4.915925719415426,1.22713
5887.836734426692,6.0476765351419015,0.3763695150784314,0.99937
5608.0680525034095,30.566338152849205,6.660459377365264,0.86431
6080.791186101367,18.002810825237063,4.693720044592267,1.25247
5884.214126924937,25.443328796330103,5.689920258052707,0.90701
6150.693091800086,24.382036579633624,7.016771944231537,1.02066
5499.403488653445,23.992478593708668,3.7031801148857437,0.91271
5563.148571411857,33.97921674936688,7.288609785458468,0.84535
6178.452540163294,18.12497431653597,6.096637608422885,1.09181
5488.917529421963,11.61954536190497,1.3143887425434928,1.05554
6106.241717680435,13.784676856392078,2.2025049811883797,1.08404
5795.650714978314,33.07896657346089,6.601512548869139,1.04086
5551.943301118893,18.747484126272113,2.817428531707476,0.89688
6239.515353150344,14.233357521351717,4.344549051894181,1.00611
6036.374505612232,2.958185544086784,0.2648721652920124,1.25597
6109.591148996726,9.616524255480465,1.629372247284346,1.03307
5954.345810099371,15.66838573227902,2.959192839147527,1.01917
4652.5410750462925,34.911676281430694,6.529493168716378,0.66015
5251.1052279716305,20.969520153700238,2.968815973999943,0.8784
6017.909831846601,10.75994511489732,1.607946031843099,1.11737
5410.121342988359,19.94907427539927,2.5339859954848083,0.89372
3917.2469875528477,20.39971500725908,2.200235402115185,0.58128
6140.483031057286,16.250974958519716,4.297380204829127,1.11986
6042.022334438373,24.847079827166294,5.967742913018202,1.1459
5841.018448389308,20.998052924195022,3.228845620557682,1.06978
4864.430684280024,30.271441846390857,5.363841072781742,0.70726
6278.453767520747,11.192099548812294,3.8514218451166116,1.11824
6017.594840157577,0.6451016286463271,2.233437448846725,1.49445
4734.716237171569,32.505201454917625,5.971323671638434,0.67518
6235.849274302307,6.806746375052157,1.539125300950449,1.23541
5469.274042857234,6.762472031570228,0.6135199770481493,1.04941
6020.472386721238,13.44982743363527,2.5244413794067184,1.19164
5562.04486676484,1.766981288897715,0.1882415523992724,1.01497
6394.4574423023905,5.981022726875362,2.21248988199657,1.19707
5588.632474022971,11.575707943100983,1.1769665753782141,1.0733
4802.37049632829,29.71692534102767,4.876949288144577,0.8042
5206.0087154846005,8.373156396162269,0.8772365782945337,0.94741
4533.016305392152,28.965317932293072,4.3512321960418285,0.72461
6124.18532308434,25.300018538357715,7.076536630651544,1.04338
4177.1313685554605,11.888741857842254,1.140977823181134,0.67643
6230.463738190221,6.26154842623668,1.699514206968514,1.22209
6108.095868295119,10.851773351537382,1.50412183263287,1.19613
4960.04440289448,35.07170379074976,6.81020527365509,0.70506
6087.25493335446,6.322698061904033,0.71149620870245,1.12603
6344.804809345306,8.96111138400969,3.184815774780692,1.14503
5692.162609388089,23.813657506736835,4.194312948925414,0.89464
6232.1840495562365,14.347786165754815,4.16579024926769,1.04288
5751.927878318293,22.76414333989016,5.0845205270436775,1.15931
6375.348462769383,2.1526373751183643,0.563025244748913,1.31875
6476.711823375207,2.3600014525019812,2.3099926134947117,1.40718
5666.02615110441,30.866200562517008,6.7614419419715395,0.84268
5705.0803607577445,8.84643950463696,2.5762127272642634,1.46418
5401.496318176328,15.889482965854565,1.8013557604817119,0.97863
6134.958806752894,15.392727471886872,3.895272054723047,1.1469
6047.634439431404,13.459284699921646,3.720605236512044,1.35701
4547.48890082431,33.195698118776974,5.597381716141211,0.68114
5847.263357079781,18.333698161801887,3.1660457519730385,0.98564
5632.447193280581,29.363659902327974,5.513131101768315,0.86018
6257.328278929563,7.403978128254191,2.526858397011666,1.23401
6045.659665911137,20.102570082256978,4.151438936584063,1.02073
5691.697318915019,23.048946893373042,3.736955289734144,1.04385
5813.433061424807,6.999388740778549,2.733173278033834,1.43852
6144.257793082282,20.33655784003404,5.713238543197568,0.9744
6253.579825579323,10.157560692287074,2.296701405867751,1.25345
5422.857074375097,22.030779172687105,3.422067655480183,0.8236
6012.012629405797,15.731393181342002,3.283060472170538,1.06677
6112.026849748155,8.6296873675084,1.284923250679712,1.19065
6211.935854377307,9.446630225072523,2.3004533315697797,1.21171
4179.9983755468265,26.61910949637972,3.57728852979187,0.61934
6090.82563976183,21.64128608478199,5.4921262249633225,0.94542
5816.338430211596,8.840399174343066,0.8174451698378944,1.0432
3883.253168757039,32.7980478998979,4.5987476646499275,0.62345
6372.952083811669,3.613194977273791,1.6241473988224648,1.32826
6195.445866101584,9.926691638674777,2.7316311225320637,1.22787
6082.817250074506,13.289351328605287,2.469993016126962,1.14078
5460.513992195142,14.843854967249753,1.4192932157518983,0.98349
5922.318270652229,8.820692214703834,0.8312229542603916,0.97811
6135.108563081079,10.387323665563432,2.374930380392949,1.23025
5884.509278671341,26.05408854097208,5.582086917145898,0.9141
5709.923833777966,14.46644948455853,1.41318273196796,1.02166
5875.252726529017,27.11991564370962,5.5032003568317105,1.02912
5650.955746290158,19.623332641237695,3.1340374551343735,0.96775
6088.77464235731,9.656099242317499,1.293947934858597,1.15438
5892.53703474795,9.43997559504826,1.082677746961386,1.21516
5504.6946285841395,12.635420474838629,1.1305111579352758,1.08809
4477.224079869731,23.444035368770795,3.1181148369967078,0.67409
6126.402197048402,27.49206213912234,7.5190042935845,0.9854
6481.718591890662,4.113194876818334,3.4623115121208845,1.27136
5721.887960405857,27.476081144697535,5.8019045122465185,0.86123
5252.291802795082,17.017508035384136,2.0916611418707483,0.93786
5170.794881109469,22.03190290872094,3.1629669691859714,0.81867
5512.3722226960645,16.301836021368683,1.854538075373937,0.9357
4946.7101064175895,15.26508833211418,1.570493919352774,0.81373
5704.423906756043,2.1091650204035846,0.1788244651021488,0.99424
5941.032420611721,28.689514091612104,6.976809006800955,0.89392
6351.149469732766,4.047089005939728,1.953810908670832,1.14214
6013.543623202177,29.405761117116974,6.871229282404822,1.00503
6165.36370330659,15.176104533773508,4.36848182935169,1.12359
5856.402525756584,30.22403645001863,5.999587720745637,1.02895
6280.516830098493,13.03556695524664,4.367748817646685,1.06851
5877.703879076204,16.841181677356737,2.672489930807072,1.05196
6007.956597731722,24.636562008392147,6.339681052928068,0.93619
5545.588271150798,11.086163631647473,1.249261957806182,0.98491
4252.578362515266,38.78741695439869,6.616828345703744,0.63052
6051.5511460832495,20.62592391378381,5.093765470589745,1.22338
6125.467991944949,19.48331320168235,5.143312535059481,1.10081
6204.931849897461,13.254697386642162,3.5426363397749068,1.099
6171.297651390657,23.213195947946488,6.254809490183804,0.99775
5468.040138277807,14.509496657553866,1.5624861115605908,1.02014
5383.839124275874,20.21259459863198,2.633538413260031,0.87376
5520.24475501875,2.6197277999169803,0.2920444790378905,1.05454
5127.264445665137,14.791804120831172,1.5727852421341932,0.82407
6258.136156386856,4.108256697911044,0.9807293722321696,1.3159
5653.732903447277,21.27984447523077,3.8213791061113596,1.35109
5999.693589263593,28.451106423115846,6.420867911778343,1.03962
5807.354661350526,21.943254379437242,5.062120845798034,1.18035
6324.535388623842,6.967334076832426,2.14547411649075,1.19709
5201.543689202913,8.157509820602213,0.6513104273113933,0.96006
6106.18473536215,11.55141442489815,2.068793708198586,1.15265
5650.543618939161,19.22011238551861,2.512841604493699,0.99492
5420.476081967176,30.69347347507411,3.828392196086928,1.30591
4743.446826777221,11.053398073994856,0.948172875365953,0.80091
6042.019558874383,22.843339077349484,5.0147656021462215,0.96208
5740.026282520294,18.91846106742584,2.555284667227771,1.01988
5726.047717017422,14.547236128042787,1.99970845905684,0.95448
5231.76497136153,11.02070759846217,1.1613577569336393,0.87904
5309.463916001229,15.599257369232081,1.7630678436177867,0.9682
6111.361717190348,17.731955832600466,4.214739884036853,1.02475
5401.233277148435,35.93729761699278,8.273165379660762,0.82416
6083.374080539636,17.232656930058486,3.730469041458075,1.0803
6477.596355870751,3.1126464054151928,1.3650244056702272,1.78216
5646.429336584653,17.94861790367753,2.6220073688132395,1.04014
6241.392150789997,17.88083445392115,5.934245052478801,1.03252
5885.453041727128,26.57072661266998,5.251812109583612,1.0431
4521.272707295907,17.957338027612185,1.775515844576278,0.72479
5895.586744308448,20.893713351678002,3.414902942005849,1.02068
5298.990190750951,12.359615048255794,1.243674038375518,0.87651
6038.2100574846945,3.7381661514309323,3.625406127958398,1.25448
5516.276747559894,21.101721946195244,3.292778558478781,0.88529
4315.521068876898,25.91644618900836,3.277796590830422,0.686
6370.914791415191,2.8510884439533353,2.996135662377191,1.38799
5553.083507782298,23.194012727283678,4.693611038341528,0.84837
5781.109316028728,5.123109241235365,2.259502251383217,1.55113
5917.083913014129,22.480356021768202,3.65025336323598,1.09133
6035.989026481225,32.61832712930309,8.199518589336064,0.98288
6368.435724030217,9.29140658748822,3.371389305741292,1.10438
4904.727365399272,22.4319723643911,3.036594263053593,0.75489
6213.266528409243,7.500140394594833,1.618298118824651,1.11722
4909.384169527672,24.11017151349366,3.2168225155487584,0.89796
6078.3489364619145,8.252531323664487,3.6634514749452474,1.33079
5435.303037952903,34.18098875476135,6.208191788320223,0.91328
5423.690420791465,28.818025604770625,5.0117365704972086,0.83049
6105.2589731315475,25.964395837482776,6.5366899967903125,1.02782
6069.976665697639,17.202926471273557,4.275512817754148,1.00373
3650.4740697031343,32.41173122884723,3.7032429627300214,0.39743
4460.9711956548745,41.02727645772197,7.49914208669226,0.65252
5589.613074190377,12.566286851040708,2.731352941783874,1.4419
6252.923584564498,9.750244795531623,3.085831831312023,1.26592
6280.627063175172,4.303825721342015,0.8862674736228469,1.29743
5058.808989266439,32.16752550008122,5.964426755108803,0.80105
6118.675965177144,8.35465964071222,1.6651358792396498,1.32294
5615.257150159187,17.92294585664577,2.433272984309823,0.91496
6363.109760906584,8.258331912438543,3.416359812823024,1.18837
6354.711132678935,11.928845805248885,4.861668267680206,1.04634
5835.7515791942,10.758489721941757,1.1856876952171131,1.15413
5467.806944001557,13.947627077616879,1.4680640534642742,0.93381
5530.4891792696535,13.273474208897866,1.6088031760123729,0.9357
5028.295707787709,23.015797714559397,2.9938928257934396,0.8418
6059.941950495857,7.702882133012446,1.402188639522396,1.28597
5752.596872238197,15.274608919007038,2.36612819949432,0.92383
5108.205977101652,17.229179477677633,2.703343309264984,0.81445
5771.396204208184,19.477143256690386,2.9779476819661967,0.96611
5575.6648761119495,2.4359386601779884,0.250174532020467,0.92883
5802.563881430797,35.052033984001724,7.2990487684859,1.02252
5962.28797073701,28.508978519673228,7.516159528492192,0.90249
6392.596445142254,3.0457051808779942,1.6915333250703002,1.27976
5999.0477101383885,4.630773658124734,2.450874792069901,1.53144
5290.047663472673,16.846975959110548,1.9771331014729219,0.91397
6170.3441971084585,17.88030462641239,4.905289725746528,0.9804
5633.577013254146,35.519822129020696,6.937645879121491,0.99584
6329.503645379637,3.2768576871129684,3.2909243654758216,1.33338
5829.230233321658,10.188641403630276,1.293932217759324,1.02779
5948.538878067152,16.377056394743263,4.987420215205366,1.18156
6064.04081172582,11.768469462552575,2.513681578581525,1.26016
5049.578855162353,17.609167338793643,2.094753383626045,0.81725
4530.799435499616,34.355351257808834,5.638323929569827,0.7161
4779.4404070417295,21.56364050205551,2.9650736642681914,0.86381
4911.424906436457,1.4051641512316397,0.3484125400837093,0.82134
5853.151020219932,29.28760491269977,5.6042682343712915,1.02121
5975.649467760962,27.456230539052154,5.484230346547724,1.04824
5732.032839553164,26.418126476092656,5.686870931649477,0.85857
5772.721977122361,22.109323645409496,3.79852789263066,1.02705
